{"Co1Li1Mn1O4": 0.06122437119483948, "Co1Li1Mn2O6": 0.0644451379776001, "Co1Li2Mn1O4": 0.06122437119483948, "Co1Li2Mn2O6": 0.06122437119483948, "Co1Li2Mn2O8": 0.05900648236274719, "Co1Li2Mn3O8": 0.06122437119483948, "Co1Li3Mn1O5": 0.06122437119483948, "Co1Li3Mn2O6": 0.06122437119483948, "Co1Li3Mn3O8": 0.06122437119483948, "Co1Li3Mn4O8": 0.06454601883888245, "Co1Li4Mn3O8": 0.06122437119483948, "Co1Li4Mn5O12": 0.06122437119483948, "Co1Li5Mn2O8": 0.06122437119483948, "Co1Li5Mn5O12": 0.06122437119483948, "Co1Li6Mn3O10": 0.06122437119483948, "Co1Li6Mn5O12": 0.06122437119483948, "Co1Li7Mn4O12": 0.06122437119483948, "Co2Li1Mn2O8": 0.05900648236274719, "Co2Li2Mn1O6": 0.06122437119483948, "Co2Li3Mn1O6": 0.06122437119483948, "Co2Li3Mn2O8": 0.06122437119483948, "Co2Li3Mn5O12": 0.06122437119483948, "Co2Li4Mn1O7": 0.06122437119483948, "Co2Li5Mn1O8": 0.06122437119483948, "Co2Li5Mn3O10": 0.06122437119483948, "Co2Li5Mn5O12": 0.06122437119483948, "Co3Li1Mn1O8": 0.05900648236274719, "Co3Li2Mn1O8": 0.06122437119483948, "Co3Li2Mn3O12": 0.0644451379776001, "Co3Li3Mn1O8": 0.06122437119483948, "Co3Li4Mn1O8": 0.06122437119483948, "Co3Li4Mn2O10": 0.06122437119483948, "Co3Li4Mn3O12": 0.06122437119483948, "Co3Li4Mn5O16": 0.06122437119483948, "Co3Li5Mn2O10": 0.06122437119483948, "Co3Li7Mn2O12": 0.06122437119483948, "Co3Li7Mn3O16": 0.06122437119483948, "Co4Li3Mn1O8": 0.06122437119483948, "Co5Li4Mn1O12": 0.06122437119483948, "Co5Li4Mn2O12": 0.06122437119483948, "Co5Li4Mn3O16": 0.06122437119483948, "Co5Li5Mn2O12": 0.06122437119483948, "Co5Li9Mn2O16": 0.06122437119483948, "Cr11Li24Mn1O36": 0.0635811984539032, "Cr11Li32Mn5O48": 0.0635811984539032, "Cr12Li9Mn7O48": 0.05939960479736328, "Cr13Li32Mn3O48": 0.0635811984539032, "Cr1Li1Mn1O4": 0.0635811984539032, "Cr1Li1Mn3O8": 0.06136330962181091, "Cr1Li24Mn11O36": 0.06122437119483948, "Cr1Li2Mn1O4": 0.0635811984539032, "Cr1Li2Mn2O6": 0.0635811984539032, "Cr1Li2Mn3O8": 0.0635811984539032, "Cr1Li3Mn2O6": 0.0635811984539032, "Cr1Li3Mn3O8": 0.0635811984539032, "Cr1Li3Mn4O8": 0.06568092107772827, "Cr1Li4Mn1O6": 0.0635811984539032, "Cr1Li4Mn3O8": 0.0635811984539032, "Cr1Li5Mn2O8": 0.0635811984539032, "Cr1Li8Mn15O32": 0.06454601883888245, "Cr1Li8Mn3O12": 0.0635811984539032, "Cr2Li1Mn1O6": 0.07211998105049133, "Cr2Li1Mn2O8": 0.06136330962181091, "Cr2Li2Mn1O6": 0.0635811984539032, "Cr2Li3Mn1O6": 0.0635811984539032, "Cr2Li3Mn2O8": 0.0635811984539032, "Cr2Li3Mn5O12": 0.0635811984539032, "Cr2Li4Mn3O10": 0.0635811984539032, "Cr2Li4Mn5O12": 0.0635811984539032, "Cr2Li5Mn3O10": 0.0635811984539032, "Cr2Li5Mn5O12": 0.0635811984539032, "Cr3Li2Mn1O8": 0.06889921426773071, "Cr3Li2Mn2O12": 0.05939960479736328, "Cr3Li2Mn3O12": 0.06680196523666382, "Cr3Li32Mn13O48": 0.0635811984539032, "Cr3Li3Mn1O8": 0.06889921426773071, "Cr3Li3Mn5O16": 0.0635811984539032, "Cr3Li4Mn1O8": 0.0635811984539032, "Cr3Li4Mn3O12": 0.0635811984539032, "Cr3Li4Mn5O16": 0.0635811984539032, "Cr3Li5Mn1O8": 0.0635811984539032, "Cr3Li8Mn13O32": 0.0635811984539032, "Cr3Li8Mn1O12": 0.0635811984539032, "Cr4Li3Mn1O8": 0.07368773221969604, "Cr5Li10Mn3O16": 0.0635811984539032, "Cr5Li24Mn7O36": 0.0635811984539032, "Cr5Li32Mn11O48": 0.0635811984539032, "Cr5Li4Mn1O12": 0.07368773221969604, "Cr5Li4Mn3O16": 0.0635811984539032, "Cr6Li7Mn10O32": 0.0635811984539032, "Cr7Li24Mn5O36": 0.0635811984539032, "Cu1Li1Mn1O4": 0.06739440560340881, "Cu1Li2Mn1O4": 0.06739440560340881, "Cu1Li2Mn2O6": 0.06201028823852539, "Cu1Li2Mn3O8": 0.06201028823852539, "Cu1Li3Mn2O6": 0.06201028823852539, "Cu1Li3Mn4O8": 0.06533193588256836, "Cu1Li4Mn3O8": 0.06201028823852539, "Cu1Li4Mn5O12": 0.06122437119483948, "Cu2Li1Mn5O12": 0.0739368200302124, "Cu2Li2Mn5O12": 0.0650736391544342, "Cu2Li3Mn1O6": 0.06739440560340881, "Cu2Li3Mn5O12": 0.06201028823852539, "Cu2Li4Mn5O12": 0.06201028823852539, "Cu3Li16Mn15O36": 0.06122437119483948, "Cu3Li2Mn1O8": 0.06509816646575928, "Cu3Li3Mn1O8": 0.06739440560340881, "Cu3Li4Mn1O8": 0.06739440560340881, "Cu3Li4Mn2O10": 0.06739440560340881, "Cu3Li4Mn5O16": 0.06739440560340881, "Cu3Li5Mn2O10": 0.06739440560340881, "Cu3Li9Mn12O32": 0.06122437119483948, "Cu5Li5Mn2O12": 0.06739440560340881, "Cu5Li7Mn12O32": 0.06201028823852539, "Fe11Li5Mn8O32": 0.06506898999214172, "Fe17Li5Mn2O32": 0.08079740405082703, "Fe1Li1Mn1O4": 0.06506898999214172, "Fe1Li2Mn1O4": 0.06506898999214172, "Fe1Li2Mn2O6": 0.06087690591812134, "Fe1Li2Mn3O8": 0.06087690591812134, "Fe1Li3Mn2O6": 0.06087690591812134, "Fe1Li3Mn3O8": 0.06087690591812134, "Fe1Li3Mn4O8": 0.0641985535621643, "Fe1Li3Mn5O12": 0.06122437119483948, "Fe1Li4Mn3O8": 0.06087690591812134, "Fe1Li4Mn5O12": 0.06122437119483948, "Fe1Li6Mn5O12": 0.06122437119483948, "Fe2Li1Mn3O8": 0.06506898999214172, "Fe2Li2Mn1O6": 0.06506898999214172, "Fe2Li2Mn5O12": 0.06087690591812134, "Fe2Li3Mn1O6": 0.06506898999214172, "Fe2Li3Mn2O8": 0.06506898999214172, "Fe2Li3Mn3O10": 0.061800867319107056, "Fe2Li3Mn4O12": 0.06087690591812134, "Fe2Li3Mn5O12": 0.06087690591812134, "Fe2Li4Mn3O10": 0.06087690591812134, "Fe2Li4Mn5O12": 0.06087690591812134, "Fe2Li5Mn3O10": 0.06087690591812134, "Fe2Li5Mn5O12": 0.06087690591812134, "Fe2Li6Mn1O6": 0.08133488893508911, "Fe3Li10Mn5O16": 0.06087690591812134, "Fe3Li12Mn2O16": 0.06087690591812134, "Fe3Li1Mn2O8": 0.06974586844444275, "Fe3Li2Mn1O8": 0.06974586844444275, "Fe3Li2Mn3O12": 0.06828975677490234, "Fe3Li3Mn1O8": 0.06974586844444275, "Fe3Li4Mn1O8": 0.06506898999214172, "Fe3Li4Mn3O12": 0.06506898999214172, "Fe3Li4Mn5O16": 0.06087690591812134, "Fe3Li5Mn2O10": 0.06506898999214172, "Fe3Li5Mn7O20": 0.06087690591812134, "Fe3Li8Mn13O32": 0.06087690591812134, "Fe3Li8Mn1O12": 0.06506898999214172, "Fe3Li8Mn6O18": 0.06087690591812134, "Fe4Li3Mn1O8": 0.08079740405082703, "Fe4Li4Mn5O18": 0.06506898999214172, "Fe5Li4Mn1O12": 0.06974586844444275, "Fe5Li4Mn3O16": 0.06506898999214172, "Fe5Li5Mn2O12": 0.06974586844444275, "Li10Mn3O16V5": 0.06122437119483948, "Li10Mn5O16Ti3": 0.06122437119483948, "Li11Mn12O32Ti4": 0.06122437119483948, "Li1Mn1Ni1O4": 0.06122437119483948, "Li1Mn1O4Ti1": 0.06122437119483948, "Li1Mn1O4V1": 0.06122437119483948, "Li1Mn2Ni1O6": 0.0644451379776001, "Li1Mn3Ni1O8": 0.05900648236274719, "Li1Mn3Ni2O8": 0.06122437119483948, "Li1Mn3O10Ti2": 0.05704277753829956, "Li1Mn3O8Ti1": 0.05900648236274719, "Li2Mn1Ni1O4": 0.06122437119483948, "Li2Mn1Ni2O6": 0.06122437119483948, "Li2Mn1Ni3O8": 0.06122437119483948, "Li2Mn1O12V5": 0.06800225377082825, "Li2Mn1O4Ti1": 0.06122437119483948, "Li2Mn1O4V1": 0.06122437119483948, "Li2Mn1O6V2": 0.06478148698806763, "Li2Mn1O8Ti3": 0.06122437119483948, "Li2Mn1O8V3": 0.06478148698806763, "Li2Mn2Ni1O6": 0.06122437119483948, "Li2Mn2O12V3": 0.05704277753829956, "Li2Mn2O5Ti1": 0.06122437119483948, "Li2Mn2O6Ti1": 0.06122437119483948, "Li2Mn3Ni1O8": 0.06122437119483948, "Li2Mn3O10Ti2": 0.06122437119483948, "Li2Mn3O8Ti1": 0.06122437119483948, "Li2Mn3O8V1": 0.06122437119483948, "Li2Mn5O12Ti2": 0.06122437119483948, "Li3Mn1Ni2O6": 0.06122437119483948, "Li3Mn1Ni3O8": 0.06122437119483948, "Li3Mn1Ni4O8": 0.06122437119483948, "Li3Mn1O12Ti4": 0.0644451379776001, "Li3Mn1O12V4": 0.06800225377082825, "Li3Mn1O6Ti2": 0.06122437119483948, "Li3Mn1O6V2": 0.06122437119483948, "Li3Mn1O8V3": 0.06478148698806763, "Li3Mn1O8V4": 0.06478148698806763, "Li3Mn2Ni1O6": 0.06122437119483948, "Li3Mn2Ni2O8": 0.06122437119483948, "Li3Mn2Ni5O12": 0.06122437119483948, "Li3Mn2O12V3": 0.0644451379776001, "Li3Mn2O12V5": 0.06478148698806763, "Li3Mn2O6Ti1": 0.06122437119483948, "Li3Mn2O6V1": 0.06122437119483948, "Li3Mn3Ni1O8": 0.06122437119483948, "Li3Mn3O10Ti2": 0.06122437119483948, "Li3Mn3O8Ti1": 0.06122437119483948, "Li3Mn4Ni1O8": 0.06454601883888245, "Li3Mn4O8Ti1": 0.06454601883888245, "Li3Mn4O8V1": 0.06454601883888245, "Li3Mn5Ni2O12": 0.06122437119483948, "Li3Mn5O12Ti2": 0.06122437119483948, "Li4Mn1Ni3O8": 0.06122437119483948, "Li4Mn1Ni4O10": 0.06122437119483948, "Li4Mn1Ni5O12": 0.06122437119483948, "Li4Mn1O12V3": 0.0644451379776001, "Li4Mn1O8Ti3": 0.06122437119483948, "Li4Mn1O8V3": 0.06478148698806763, "Li4Mn2Ni3O10": 0.06122437119483948, "Li4Mn2Ni5O12": 0.06122437119483948,