{"stats": {"Ed": {"reg": {"abs": {"mean": 0.02852743954941559, "median": 0.024456371194850224, "per": {"1": 0.00044649600950531976, "10": 0.005003751245982143, "25": 0.011423267294764599, "50": 0.024456371194850224, "75": 0.04330722075669456, "90": 0.05730637536297943, "99": 0.08916360117129227}}, "raw": {"mean": -0.012040501714572105, "median": -0.010511109694714804, "per": {"1": -0.07280936166196882, "10": -0.05569143831980027, "25": -0.03798682094453888, "50": -0.010511109694714804, "75": 0.011781851690530656, "90": 0.027628098981425257, "99": 0.0738881377573691}}, "rmse": 0.035380499417790715, "r2": -0.13079865670733692}, "cl": {"0": {"raw": {"tn": 258, "fp": 0, "fn": 9, "tp": 0}, "scores": {"precision": 0, "recall": 0.0, "f1": 0, "accuracy": 0.9662921348314607, "fpr": 0.0}}}}}, "data": {"Ed": [0.06122437119483948, 0.0644451379776001, 0.06122437119483948, 0.06122437119483948, 0.05900648236274719, 0.06122437119483948, 0.06122437119483948, 0.06122437119483948, 0.06122437119483948, 0.06454601883888245, 0.06122437119483948, 0.06122437119483948, 0.06122437119483948, 0.06122437119483948, 0.06122437119483948, 0.06122437119483948, 0.06122437119483948, 0.05900648236274719, 0.06122437119483948, 0.06122437119483948, 0.06122437119483948, 0.06122437119483948, 0.06122437119483948, 0.06122437119483948, 0.06122437119483948, 0.06122437119483948, 0.05900648236274719, 0.06122437119483948, 0.0644451379776001, 0.06122437119483948, 0.06122437119483948, 0.06122437119483948, 0.06122437119483948, 0.06122437119483948, 0.06122437119483948, 0.06122437119483948, 0.06122437119483948, 0.06122437119483948, 0.06122437119483948, 0.06122437119483948, 0.06122437119483948, 0.06122437119483948, 0.06122437119483948, 0.0635811984539032, 0.0635811984539032, 0.05939960479736328, 0.0635811984539032, 0.0635811984539032, 0.06136330962181091, 0.06122437119483948, 0.0635811984539032, 0.0635811984539032, 0.0635811984539032, 0.0635811984539032, 0.0635811984539032, 0.06568092107772827, 0.0635811984539032, 0.0635811984539032, 0.0635811984539032, 0.06454601883888245, 0.0635811984539032, 0.07211998105049133, 0.06136330962181091, 0.0635811984539032, 0.0635811984539032, 0.0635811984539032, 0.0635811984539032, 0.0635811984539032, 0.0635811984539032, 0.0635811984539032, 0.0635811984539032, 0.06889921426773071, 0.05939960479736328, 0.06680196523666382, 0.0635811984539032, 0.06889921426773071, 0.0635811984539032, 0.0635811984539032, 0.0635811984539032, 0.0635811984539032, 0.0635811984539032, 0.0635811984539032, 0.0635811984539032, 0.07368773221969604, 0.0635811984539032, 0.0635811984539032, 0.0635811984539032, 0.07368773221969604, 0.0635811984539032, 0.0635811984539032, 0.0635811984539032, 0.06739440560340881, 0.06739440560340881, 0.06201028823852539, 0.06201028823852539, 0.06201028823852539, 0.06533193588256836, 0.06201028823852539, 0.06122437119483948, 0.0739368200302124, 0.0650736391544342, 0.06739440560340881, 0.06201028823852539, 0.06201028823852539, 0.06122437119483948, 0.06509816646575928, 0.06739440560340881, 0.06739440560340881, 0.06739440560340881, 0.06739440560340881, 0.06739440560340881, 0.06122437119483948, 0.06739440560340881, 0.06201028823852539, 0.06506898999214172, 0.08079740405082703, 0.06506898999214172, 0.06506898999214172, 0.06087690591812134, 0.06087690591812134, 0.06087690591812134, 0.06087690591812134, 0.0641985535621643, 0.06122437119483948, 0.06087690591812134, 0.06122437119483948, 0.06122437119483948, 0.06506898999214172, 0.06506898999214172, 0.06087690591812134, 0.06506898999214172, 0.06506898999214172, 0.061800867319107056, 0.06087690591812134, 0.06087690591812134, 0.06087690591812134, 0.06087690591812134, 0.06087690591812134, 0.06087690591812134, 0.08133488893508911, 0.06087690591812134, 0.06087690591812134, 0.06974586844444275, 0.06974586844444275, 0.06828975677490234, 0.06974586844444275, 0.06506898999214172, 0.06506898999214172, 0.06087690591812134, 0.06506898999214172, 0.06087690591812134, 0.06087690591812134, 0.06506898999214172, 0.06087690591812134, 0.08079740405082703, 0.06506898999214172, 0.06974586844444275, 0.06506898999214172, 0.06974586844444275, 0.06122437119483948, 0.06122437119483948, 0.06122437119483948, 0.06122437119483948, 0.06122437119483948, 0.06122437119483948, 0.0644451379776001, 0.05900648236274719, 0.06122437119483948, 0.05704277753829956, 0.05900648236274719, 0.06122437119483948, 0.06122437119483948, 0.06122437119483948, 0.06800225377082825, 0.06122437119483948, 0.06122437119483948, 0.06478148698806763, 0.06122437119483948, 0.06478148698806763, 0.06122437119483948, 0.05704277753829956, 0.06122437119483948, 0.06122437119483948, 0.06122437119483948, 0.06122437119483948, 0.06122437119483948, 0.06122437119483948, 0.06122437119483948, 0.06122437119483948, 0.06122437119483948, 0.06122437119483948, 0.0644451379776001, 0.06800225377082825, 0.06122437119483948, 0.06122437119483948, 0.06478148698806763, 0.06478148698806763, 0.06122437119483948, 0.06122437119483948, 0.06122437119483948, 0.0644451379776001, 0.06478148698806763, 0.06122437119483948, 0.06122437119483948, 0.06122437119483948, 0.06122437119483948, 0.06122437119483948, 0.06454601883888245, 0.06454601883888245, 0.06454601883888245, 0.06122437119483948, 0.06122437119483948, 0.06122437119483948, 0.06122437119483948, 0.06122437119483948, 0.0644451379776001, 0.06122437119483948, 0.06478148698806763, 0.06122437119483948, 0.06122437119483948, 0.06122437119483948, 0.06478148698806763, 0.06122437119483948, 0.06122437119483948, 0.06122437119483948, 0.06122437119483948, 0.06478148698806763, 0.06122437119483948, 0.06122437119483948, 0.06122437119483948, 0.06122437119483948, 0.06122437119483948, 0.06122437119483948, 0.06122437119483948, 0.06122437119483948, 0.06122437119483948, 0.06122437119483948, 0.06122437119483948, 0.06122437119483948, 0.06122437119483948, 0.06454601883888245, 0.06122437119483948, 0.06478148698806763, 0.06122437119483948, 0.06122437119483948, 0.06122437119483948, 0.06122437119483948, 0.06478148698806763, 0.06122437119483948, 0.06122437119483948, 0.06122437119483948, 0.06122437119483948, 0.06122437119483948, 0.06122437119483948, 0.06122437119483948, 0.06122437119483948, 0.06454601883888245, 0.06122437119483948, 0.06122437119483948, 0.06122437119483948, 0.06122437119483948, 0.06454601883888245, 0.06122437119483948, 0.06122437119483948, 0.06122437119483948, 0.06122437119483948, 0.05704277753829956],