{"Li2Ti3MnO8": -2.9155919551849365, "Li3Ti4MnO12": -2.8010592460632324, "Li4Ti5Mn3O16": -2.7547414302825928, "Li4Ti3MnO8": -2.675987720489502, "Li3Ti2MnO6": -2.5936758518218994, "Li4Ti5Mn4O18": -2.644557237625122, "LiTiMnO4": -2.626641273498535, "Li2TiMnO4": -2.5675137042999268, "Li5Ti2Mn3O10": -2.5390405654907227, "Li4Ti2Mn3O10": -2.594266891479492, "Li4Ti4Mn5O18": -2.604473114013672, "Li3Ti2Mn3O10": -2.601900815963745, "Li4Ti3Mn5O16": -2.568488121032715, "Li2Ti2Mn3O10": -2.654217481613159, "Li2TiMn2O5": -2.4853591918945312, "Li8Ti6Mn7O30": -2.577737808227539, "LiTi2Mn3O10": -2.5880024433135986, "Li3TiMn2O6": -2.5304384231567383, "Li5Ti2Mn5O12": -2.4616305828094482, "Li2TiMn2O6": -2.548888683319092, "Li4Ti2Mn5O12": -2.5124447345733643, "Li7Ti5Mn12O32": -2.5938477516174316, "Li3Ti2Mn5O12": -2.538114070892334, "Li4Ti3Mn6O18": -2.5342390537261963, "Li2MnV3O8": -2.4083406925201416, "Li10Ti3Mn5O16": -2.544156789779663, "Li2Ti2Mn5O12": -2.511883497238159, "Li4TiMn3O8": -2.4680495262145996, "Li3TiMn3O8": -2.468341827392578, "Li2TiMn3O8": -2.5287246704101562, "LiMnVO4": -2.3244717121124268, "Li4MnV3O8": -2.3153181076049805, "Li11Ti4Mn12O32": -2.497671127319336, "Li3MnV3O8": -2.333381414413452, "Li3MnV4O12": -2.361879348754883, "Li3MnV2O6": -2.288935422897339, "Li2MnV5O12": -2.3723583221435547, "Li4Mn2V5O12": -2.30273175239563, "Li4Mn2V3O12": -2.341500997543335, "Li3TiMn4O8": -2.429280996322632, "Li4Mn3V5O16": -2.3770010471343994, "Li5Mn2V5O12": -2.3292346000671387, "Li3MnV4O8": -2.332554817199707, "Li5TiMn3O8": -2.469554901123047, "Li3Mn2V5O12": -2.3687829971313477, "Li2MnV2O6": -2.369997024536133, "Li4MnCr3O8": -2.2305397987365723, "Li5Ti2Mn8O20": -2.461463689804077, "Li5Mn2V3O10": -2.283937454223633, "Li2MnVO4": -2.274837017059326, "Li3Mn2V3O12": -2.29586124420166, "Li3MnCr3O8": -2.241274118423462, "Li5MnV3O8": -2.3124337196350098, "Li8TiMn3O12": -2.435041666030884, "Li4Ti2Mn7O18": -2.437685489654541, "Li5Mn3V2O10": -2.2102577686309814, "Li3MnCr2O6": -2.2049436569213867, "Li2MnCrO4": -2.18997859954834, "LiTiMn3O8": -2.45880389213562, "Li2MnCr3O8": -2.223226547241211, "Li10Mn3V5O16": -2.3017237186431885, "Li3Mn2VO6": -2.226856231689453, "Li4Mn5V3O16": -2.2889463901519775, "Li2Mn2V3O12": -2.270036458969116, "Li24MnCr11O36": -2.2261247634887695, "Li5MnCr3O8": -2.218193769454956, "Li5Mn5V2O12": -2.198544979095459, "Li4TiMn5O12": -2.451624631881714, "Li2MnCr2O6": -2.1848676204681396, "LiMnCrO4": -2.1755216121673584, "Li32Mn5Cr11O48": -2.219477415084839, "Li5Mn3Cr2O10": -2.187452793121338, "Li3MnCr4O8": -2.116183280944824, "Li4Mn3VO8": -2.219367742538452, "Li32Mn3Cr13O48": -2.2261247634887695, "Li9Mn7V12O48": -2.2781808376312256, "Li4MnCrO6": -2.20092511177063, "Li4Mn3CrO8": -2.1691620349884033, "Li24Mn7Cr5O36": -2.20092511177063, "Li24Mn5Cr7O36": -2.1936800479888916, "Li4MnCr5O12": -2.197442054748535, "Li4MnV3O12": -2.3274502754211426, "Li3Mn2CrO6": -2.1764490604400635, "Li4Mn3Cr3O12": -2.1447432041168213, "Li32Mn13Cr3O48": -2.193882703781128, "Li32Mn11Cr5O48": -2.193882703781128, "Li2Mn3VO8": -2.175469160079956, "Li5Mn2CrO8": -2.1859142780303955, "Li4Mn3Cr5O16": -2.1814639568328857, "Li5TiMn9O20": -2.400607109069824, "Li3Mn2Cr2O8": -2.204072952270508, "Li10Mn3Cr5O16": -2.1889703273773193, "Li24Mn11CrO36": -2.139850378036499, "Li5Mn5Cr2O12": -2.1484344005584717, "Li3Mn4VO8": -2.1304099559783936, "Li4Mn3Cr2O10": -2.1808745861053467, "Li4Mn5Cr2O12": -2.0789735317230225, "Li7Mn10Cr6O32": -2.0909156799316406, "Li3Mn4CrO8": -2.084608793258667, "Li2Mn3CrO8": -2.1562716960906982, "Li8MnCr3O12": -2.2261247634887695, "Li4TiMn8O18": -2.370424270629883, "Li4Mn5Cr3O16": -2.1562716960906982, "Li3Mn3CrO8": -2.1695878505706787, "Li3Mn5Cr3O16": -1.9878175258636475, "Li8Mn13Cr3O32": -2.1545045375823975, "Li2MnFeO4": -2.1086134910583496, "Li5Mn3(FeO5)2": -2.1151540279388428, "Li8Mn3CrO12": -2.193882703781128, "Li2Mn2CrO6": -2.140131711959839, "Li3Mn5Cr2O12": -2.1133270263671875, "Li7Mn4CoO12": -2.02846097946167, "Li4MnFe3O8": -2.035644292831421, "Li3Mn(FeO3)2": -2.048506498336792, "LiMnCr2O6": -2.0786759853363037, "Li6Mn3CoO10": -2.066673755645752, "Li5Mn5(FeO6)2": -2.0647828578948975, "Li6Mn5FeO12": -2.1512608528137207, "Li3Mn4FeO8": -1.996220350265503, "Li8Mn15CrO32": -2.095900535583496, "Li3Mn5FeO12": -2.02534818649292, "Li2Mn3Cr3O12": -2.016509771347046, "Li5Mn2CoO8": -2.072279691696167, "Li4Mn3CoO8": -2.0189661979675293, "Li4Mn5(FeO6)2": -1.9605300426483154, "Li4Mn3(FeO5)2": -2.0145010948181152, "Li3Mn4(FeO6)2": -2.0022430419921875, "Li3MnFe3O8": -2.0456058979034424, "Li8Mn13Fe3O32": -2.0249276161193848, "Li2Mn3FeO8": -2.0176432132720947, "Li5Mn7Fe3O20": -2.014446973800659, "Li6Mn5CoO12": -2.0189661979675293, "Li3Mn3FeO8": -2.0927436351776123, "Li2Mn2FeO6": -2.0272269248962402, "Li5Mn2Fe3O10": -2.0455896854400635, "Li3Mn4CoO8": -1.8866736888885498, "LiMn3CrO8": -1.9459505081176758, "Li8Mn15NiO32": -1.9785478115081787, "LiMnFeO4": -2.0153467655181885, "Li2Mn5(FeO6)2": -1.920926570892334, "LiMn2Cr2O8": -1.992201566696167, "Li3Mn2CoO6": -1.9620318412780762, "Li4Mn3(FeO4)3": -2.0393810272216797, "Li2Mn(FeO3)2": -2.0283825397491455, "Li10Mn5Fe3O16": -2.116041898727417, "Li5Mn5CoO12": -2.0073487758636475, "Li4Mn3NiO8": -1.9418272972106934, "Li3Mn2(FeO4)2": -2.0358176231384277, "Li5Mn2Fe5O12": -2.0314321517944336, "Li4Mn5FeO12": -2.11578106880188, "Li3MnCoO5": -1.9707021713256836, "Li16Mn15(CuO12)3": -1.9499216079711914, "Li5Mn5(CoO6)2": -1.914416790008545, "Li3Mn3(FeO5)2": -2.0305025577545166, "Li3Mn4NiO8": -1.8512871265411377, "Li4Mn5Fe3O16": -1.9991767406463623, "Li4Mn3FeO8": -2.15683913230896, "Li2Mn2Cr3O12": -2.050459146499634, "Li3Mn2FeO6": -2.1151540279388428, "Li2Mn3CoO8": -1.9707059860229492, "Li3Mn3CoO8": -1.9461872577667236, "Li12Mn2Fe3O16": -2.0598809719085693, "Li4Mn5CoO12": -1.9971795082092285, "Li5Mn8Fe11O32": -1.9602563381195068, "Li2MnCoO4": -1.938502550125122, "Li5Mn2NiO8": -1.9514403343200684, "Li6Mn(FeO3)2": -1.9794681072235107, "Li8Mn6(FeO6)3": -2.091850996017456, "Li5Mn3(CoO5)2": -1.9470088481903076, "Li8Mn(FeO4)3": -2.0486905574798584, "LiMn2Fe3O8": -1.8763959407806396, "Li3Mn(FeO2)4": -1.9466114044189453, "Li4Mn3CuO8": -1.9499547481536865, "Li3Mn5(FeO6)2": -1.968634843826294, "Li7Mn2(CoO4)3": -1.840022087097168, "Li9Mn12Ni3O32": -1.9727275371551514, "Li3Mn3NiO8": -1.9400150775909424, "Li3Mn4CuO8": -1.86580228805542, "Li3Mn2NiO6": -1.932382583618164, "LiMn3(FeO4)2": -1.9134352207183838, "Li5Mn5(NiO6)2": -1.8469350337982178, "Li2MnFe3O8": -1.9640710353851318, "Li9Mn7Cr12O48": -2.0548899173736572, "Li5Mn(CoO4)2": -1.9193334579467773, "Li2Mn3NiO8": -1.920884609222412, "Li4Mn5NiO12": -1.9947376251220703, "Li5Mn2Fe17O32": -1.846883773803711, "Li2Mn2CoO6": -1.992387294769287, "Li4MnCo2O7": -1.789602279663086, "Li4Mn5(Fe2O9)2": -1.946775197982788, "Li9Mn12Cu3O32": -1.964308500289917, "Li4Mn5CuO12": -1.9820330142974854, "Li8Mn12Ni4O31": -1.9011950492858887, "Li3Mn2CuO6": -1.8303086757659912, "Li4Mn3Fe5O16": -1.9842462539672852, "Li3Mn5(CoO6)2": -1.871147632598877, "Li5Mn2Co3O10": -1.9023151397705078, "Li4Mn5(NiO6)2": -1.8014812469482422, "Li4MnFe5O12": -1.9695568084716797, "Li9Mn2Co5O16": -1.789602279663086, "Li3Mn(CoO3)2": -1.8539376258850098, "Li2Mn3CuO8": -1.862894058227539, "Li4Mn5Co3O16": -1.9143431186676025, "Li5Mn3(NiO5)2": -1.9420216083526611, "Li4Mn3(CoO4)3": -1.9412658214569092, "Li3Mn2(CoO4)2": -1.949359655380249, "Li4Mn5(CuO6)2": -1.743452548980713, "Li4Mn2Co3O10": -1.9244625568389893, "Li2MnNiO4": -1.727747917175293, "Li4MnCo3O8": -1.7425823211669922, "Li2Mn2NiO6": -1.918147325515747, "Li3Mn5(NiO6)2": -1.8369779586791992, "Li2Mn3(FeO4)3": -1.8850820064544678, "Li6Mn5Ni3O16": -1.829972505569458, "LiMnCoO4": -1.8648426532745361, "Li7Mn12Cu5O32": -1.7799019813537598, "Li2MnCuO4": -1.7228367328643799, "Li3Mn5(CuO6)2": -1.7805802822113037, "Li3MnCo3O8": -1.7867391109466553, "Li5Mn2Co5O12": -1.7521388530731201, "Li7Mn3Co3O16": -1.997283697128296, "Li2Mn2CuO6": -1.8656830787658691, "LiMn2CoO6": -1.7409937381744385, "Li5Mn2Ni3O10": -1.6768898963928223,