{"mae": {"mean": 0.9466261255481629, "std": 0.08878659612898139}}