{"mae": {"mean": 0.6797132711931415, "std": 0.3227921555530926}}