{"mae": {"mean": 0.1385374970700001, "std": 0.006836870525178936}}