{"mae": {"mean": 0.11442951494820816, "std": 0.004354362754578509}}