{"mae": {"mean": 0.0857668147337151, "std": 0.003347491534515518}}