{"Co1Li1Mn1O4": 0.05194874107837677, "Co1Li1Mn2O6": 0.04665590450167656, "Co1Li2Mn1O4": 0.058542650192976, "Co1Li2Mn2O6": 0.047798220068216324, "Co1Li2Mn2O8": 0.058292556554079056, "Co1Li2Mn3O8": 0.0418463759124279, "Co1Li3Mn1O5": 0.05466600880026817, "Co1Li3Mn2O6": 0.05424785241484642, "Co1Li3Mn3O8": 0.044920794665813446, "Co1Li3Mn4O8": 0.04647913575172424, "Co1Li4Mn3O8": 0.05050037428736687, "Co1Li4Mn5O12": 0.03956557810306549, "Co1Li5Mn2O8": 0.051815230399370193, "Co1Li5Mn5O12": 0.042867813259363174, "Co1Li6Mn3O10": 0.05049806088209152, "Co1Li6Mn5O12": 0.047284241765737534, "Co1Li7Mn4O12": 0.04922645539045334, "Co2Li1Mn2O8": 0.05197332054376602, "Co2Li2Mn1O6": 0.05852939561009407, "Co2Li3Mn1O6": 0.05921409651637077, "Co2Li3Mn2O8": 0.05558120086789131, "Co2Li3Mn5O12": 0.04309145733714104, "Co2Li4Mn1O7": 0.05617205426096916, "Co2Li5Mn1O8": 0.05115482583642006, "Co2Li5Mn3O10": 0.05643428489565849, "Co2Li5Mn5O12": 0.05048852041363716, "Co3Li1Mn1O8": 0.05676623806357384, "Co3Li2Mn1O8": 0.05812898650765419, "Co3Li2Mn3O12": 0.051278457045555115, "Co3Li3Mn1O8": 0.05900959298014641, "Co3Li4Mn1O8": 0.05909058824181557, "Co3Li4Mn2O10": 0.0581938810646534, "Co3Li4Mn3O12": 0.05424785986542702, "Co3Li4Mn5O16": 0.04749946668744087, "Co3Li5Mn2O10": 0.05902985855937004, "Co3Li7Mn2O12": 0.055891554802656174, "Co3Li7Mn3O16": 0.05599818751215935, "Co4Li3Mn1O8": 0.05798229202628136, "Co5Li4Mn1O12": 0.058169085532426834, "Co5Li4Mn2O12": 0.0569569356739521, "Co5Li4Mn3O16": 0.05647427961230278, "Co5Li5Mn2O12": 0.059737157076597214, "Co5Li9Mn2O16": 0.056094687432050705, "Cr11Li24Mn1O36": 0.046670783311128616, "Cr11Li32Mn5O48": 0.051818300038576126, "Cr12Li9Mn7O48": 0.06117299571633339, "Cr13Li32Mn3O48": 0.04937903583049774, "Cr1Li1Mn1O4": 0.05379394069314003, "Cr1Li1Mn3O8": 0.05057397484779358, "Cr1Li24Mn11O36": 0.047847434878349304, "Cr1Li2Mn1O4": 0.05415889993309975, "Cr1Li2Mn2O6": 0.049660030752420425, "Cr1Li2Mn3O8": 0.0456404834985733, "Cr1Li3Mn2O6": 0.052937839180231094, "Cr1Li3Mn3O8": 0.047226790338754654, "Cr1Li3Mn4O8": 0.04600153863430023, "Cr1Li4Mn1O6": 0.05369163677096367, "Cr1Li4Mn3O8": 0.050802331417798996, "Cr1Li5Mn2O8": 0.054054249078035355, "Cr1Li8Mn15O32": 0.03699922561645508, "Cr1Li8Mn3O12": 0.05191366747021675, "Cr2Li1Mn1O6": 0.053379494696855545, "Cr2Li1Mn2O8": 0.05877551808953285, "Cr2Li2Mn1O6": 0.052397310733795166, "Cr2Li3Mn1O6": 0.05339464917778969, "Cr2Li3Mn2O8": 0.05336282029747963, "Cr2Li3Mn5O12": 0.045072734355926514, "Cr2Li4Mn3O10": 0.05260012671351433, "Cr2Li4Mn5O12": 0.046324413269758224, "Cr2Li5Mn3O10": 0.053910862654447556, "Cr2Li5Mn5O12": 0.04920737072825432, "Cr3Li2Mn1O8": 0.051453690975904465, "Cr3Li2Mn2O12": 0.06130878999829292, "Cr3Li2Mn3O12": 0.05705663934350014, "Cr3Li32Mn13O48": 0.05051380395889282, "Cr3Li3Mn1O8": 0.05129517987370491, "Cr3Li3Mn5O16": 0.054199252277612686, "Cr3Li4Mn1O8": 0.05282524228096008, "Cr3Li4Mn3O12": 0.053233802318573, "Cr3Li4Mn5O16": 0.05170740559697151, "Cr3Li5Mn1O8": 0.05859200283885002, "Cr3Li8Mn13O32": 0.04181328043341637, "Cr3Li8Mn1O12": 0.05078558623790741, "Cr4Li3Mn1O8": 0.04978536441922188, "Cr5Li10Mn3O16": 0.05997692421078682, "Cr5Li24Mn7O36": 0.05352035537362099, "Cr5Li32Mn11O48": 0.0527171790599823, "Cr5Li4Mn1O12": 0.0501522421836853, "Cr5Li4Mn3O16": 0.05308569222688675, "Cr6Li7Mn10O32": 0.052905548363924026, "Cr7Li24Mn5O36": 0.05309401452541351, "Cu1Li1Mn1O4": 0.05855473503470421, "Cu1Li2Mn1O4": 0.05874468758702278, "Cu1Li2Mn2O6": 0.05104769021272659, "Cu1Li2Mn3O8": 0.0447855107486248, "Cu1Li3Mn2O6": 0.058416616171598434, "Cu1Li3Mn4O8": 0.053171832114458084, "Cu1Li4Mn3O8": 0.05564894899725914, "Cu1Li4Mn5O12": 0.04354467615485191, "Cu2Li1Mn5O12": 0.04258451238274574, "Cu2Li2Mn5O12": 0.04483383521437645, "Cu2Li3Mn1O6": 0.057741712778806686, "Cu2Li3Mn5O12": 0.048199597746133804, "Cu2Li4Mn5O12": 0.05348141863942146, "Cu3Li16Mn15O36": 0.048492182046175, "Cu3Li2Mn1O8": 0.06790857017040253, "Cu3Li3Mn1O8": 0.059965211898088455, "Cu3Li4Mn1O8": 0.05553411319851875, "Cu3Li4Mn2O10": 0.05835709348320961, "Cu3Li4Mn5O16": 0.0516483411192894, "Cu3Li5Mn2O10": 0.058505166321992874, "Cu3Li9Mn12O32": 0.04254910349845886, "Cu5Li5Mn2O12": 0.05923468992114067, "Cu5Li7Mn12O32": 0.04617657884955406, "Fe11Li5Mn8O32": 0.05152354761958122, "Fe17Li5Mn2O32": 0.05915050581097603, "Fe1Li1Mn1O4": 0.05646209046244621, "Fe1Li2Mn1O4": 0.052451182156801224, "Fe1Li2Mn2O6": 0.04834944009780884, "Fe1Li2Mn3O8": 0.04540444165468216, "Fe1Li3Mn2O6": 0.05116022750735283, "Fe1Li3Mn3O8": 0.046852000057697296, "Fe1Li3Mn4O8": 0.04759540036320686, "Fe1Li3Mn5O12": 0.04193488880991936, "Fe1Li4Mn3O8": 0.0496077686548233, "Fe1Li4Mn5O12": 0.0421300046145916, "Fe1Li6Mn5O12": 0.04730246588587761, "Fe2Li1Mn3O8": 0.046982910484075546, "Fe2Li2Mn1O6": 0.0547291599214077, "Fe2Li2Mn5O12": 0.045071057975292206, "Fe2Li3Mn1O6": 0.05044558644294739, "Fe2Li3Mn2O8": 0.051796842366456985, "Fe2Li3Mn3O10": 0.05129747465252876, "Fe2Li3Mn4O12": 0.049677032977342606, "Fe2Li3Mn5O12": 0.04585834965109825, "Fe2Li4Mn3O10": 0.05030610412359238, "Fe2Li4Mn5O12": 0.04768785834312439, "Fe2Li5Mn3O10": 0.05192001536488533, "Fe2Li5Mn5O12": 0.04972802475094795, "Fe2Li6Mn1O6": 0.06724107265472412, "Fe3Li10Mn5O16": 0.056266527622938156, "Fe3Li12Mn2O16": 0.05350525304675102, "Fe3Li1Mn2O8": 0.04980471357703209, "Fe3Li2Mn1O8": 0.061500173062086105, "Fe3Li2Mn3O12": 0.06133487448096275, "Fe3Li3Mn1O8": 0.05321769043803215, "Fe3Li4Mn1O8": 0.049363330006599426, "Fe3Li4Mn3O12": 0.052821625024080276, "Fe3Li4Mn5O16": 0.05159720405936241, "Fe3Li5Mn2O10": 0.05146602913737297, "Fe3Li5Mn7O20": 0.04802017658948898, "Fe3Li8Mn13O32": 0.04286586865782738, "Fe3Li8Mn1O12": 0.05255532264709473, "Fe3Li8Mn6O18": 0.04991832748055458, "Fe4Li3Mn1O8": 0.05059462785720825, "Fe4Li4Mn5O18": 0.05632210895419121, "Fe5Li4Mn1O12": 0.057122860103845596, "Fe5Li4Mn3O16": 0.059431981295347214, "Fe5Li5Mn2O12": 0.050541944801807404, "Li10Mn3O16V5": 0.06530529260635376, "Li10Mn5O16Ti3": 0.06587347388267517, "Li11Mn12O32Ti4": 0.045703765004873276, "Li1Mn1Ni1O4": 0.038723018020391464, "Li1Mn1O4Ti1": 0.05650174990296364, "Li1Mn1O4V1": 0.04923752322793007, "Li1Mn2Ni1O6": 0.042446739971637726, "Li1Mn3Ni1O8": 0.042778756469488144, "Li1Mn3Ni2O8": 0.03312196210026741, "Li1Mn3O10Ti2": 0.06287039071321487, "Li1Mn3O8Ti1": 0.05263815447688103, "Li2Mn1Ni1O4": 0.040842700749635696, "Li2Mn1Ni2O6": 0.029618270695209503, "Li2Mn1Ni3O8": 0.033247094601392746, "Li2Mn1O12V5": 0.05214649438858032, "Li2Mn1O4Ti1": 0.06367336213588715, "Li2Mn1O4V1": 0.05961400642991066, "Li2Mn1O6V2": 0.05778460577130318, "Li2Mn1O8Ti3": 0.03094574064016342, "Li2Mn1O8V3": 0.05486777797341347, "Li2Mn2Ni1O6": 0.03839677944779396, "Li2Mn2O12V3": 0.05067095533013344, "Li2Mn2O5Ti1": 0.06108385697007179, "Li2Mn2O6Ti1": 0.04999484866857529, "Li2Mn3Ni1O8": 0.03753915801644325, "Li2Mn3O10Ti2": 0.05735329911112785, "Li2Mn3O8Ti1": 0.04495711997151375, "Li2Mn3O8V1": 0.04177110642194748, "Li2Mn5O12Ti2": 0.04190515726804733, "Li3Mn1Ni2O6": 0.031014785170555115, "Li3Mn1Ni3O8": 0.022739004343748093, "Li3Mn1Ni4O8": 0.017706722021102905, "Li3Mn1O12Ti4": 0.041854728013277054, "Li3Mn1O12V4": 0.04915497452020645, "Li3Mn1O6Ti2": 0.06669307500123978, "Li3Mn1O6V2": 0.062385816127061844, "Li3Mn1O8V3": 0.05944598838686943, "Li3Mn1O8V4": 0.06427137553691864, "Li3Mn2Ni1O6": 0.04565291479229927, "Li3Mn2Ni2O8": 0.03733161464333534, "Li3Mn2Ni5O12": 0.023131001740694046, "Li3Mn2O12V3": 0.053579967468976974, "Li3Mn2O12V5": 0.058536920696496964, "Li3Mn2O6Ti1": 0.05872895196080208, "Li3Mn2O6V1": 0.05443495884537697, "Li3Mn3Ni1O8": 0.03908738121390343, "Li3Mn3O10Ti2": 0.053218159824609756, "Li3Mn3O8Ti1": 0.046406760811805725, "Li3Mn4Ni1O8": 0.04391302913427353, "Li3Mn4O8Ti1": 0.052145954221487045, "Li3Mn4O8V1": 0.04793950915336609, "Li3Mn5Ni2O12": 0.03674422577023506, "Li3Mn5O12Ti2": 0.04483414441347122, "Li4Mn1Ni3O8": 0.022396255284547806, "Li4Mn1Ni4O10": 0.01822449266910553, "Li4Mn1Ni5O12": 0.021269340068101883, "Li4Mn1O12V3": 0.06101840361952782, "Li4Mn1O8Ti3": 0.065735824406147,