{"Li2Mn1O8Ti3": 0.02427569217979908, "Li3Mn1O12Ti4": 0.07035555690526962, "Li4Mn3O16Ti5": 0.04328982159495354, "Li4Mn1O8Ti3": 0.044752854853868484, "Li3Mn1O6Ti2": 0.04972265660762787, "Li4Mn4O18Ti5": 0.052976030856370926, "Li1Mn1O4Ti1": 0.05368739739060402, "Li2Mn1O4Ti1": 0.0529339425265789, "Li5Mn3O10Ti2": 0.054333437234163284, "Li4Mn3O10Ti2": 0.04817458242177963, "Li4Mn5O18Ti4": 0.0540265329182148, "Li3Mn3O10Ti2": 0.050303589552640915, "Li4Mn5O16Ti3": 0.0528840646147728, "Li2Mn3O10Ti2": 0.054020922631025314, "Li2Mn2O5Ti1": 0.05742550641298294, "Li8Mn7O30Ti6": 0.05602853372693062, "Li1Mn3O10Ti2": 0.0590071864426136, "Li3Mn2O6Ti1": 0.05325354263186455, "Li5Mn5O12Ti2": 0.056542105972766876, "Li2Mn2O6Ti1": 0.04736512526869774, "Li4Mn5O12Ti2": 0.05227663367986679, "Li7Mn12O32Ti5": 0.04933549091219902, "Li3Mn5O12Ti2": 0.0502212755382061, "Li4Mn6O18Ti3": 0.05228555202484131, "Li2Mn1O8V3": 0.05416564270853996, "Li10Mn5O16Ti3": 0.05838907137513161, "Li2Mn5O12Ti2": 0.05047650262713432, "Li4Mn3O8Ti1": 0.04827315732836723, "Li3Mn3O8Ti1": 0.040762271732091904, "Li2Mn3O8Ti1": 0.04492875933647156, "Li1Mn1O4V1": 0.05467905476689339, "Li4Mn1O8V3": 0.05070102587342262, "Li11Mn12O32Ti4": 0.0410015843808651, "Li3Mn1O8V3": 0.05250294879078865, "Li3Mn1O12V4": 0.05199645459651947, "Li3Mn1O6V2": 0.05253998562693596, "Li2Mn1O12V5": 0.05378376692533493, "Li4Mn2O12V5": 0.053921159356832504, "Li4Mn2O12V3": 0.05633379518985748, "Li3Mn4O8Ti1": 0.05439956858754158, "Li4Mn3O16V5": 0.05521012470126152, "Li5Mn2O12V5": 0.053072698414325714, "Li3Mn1O8V4": 0.051321592181921005, "Li5Mn3O8Ti1": 0.05662338435649872, "Li3Mn2O12V5": 0.05401293560862541, "Li2Mn1O6V2": 0.05427047982811928, "Cr3Li4Mn1O8": 0.044720035046339035, "Li5Mn8O20Ti2": 0.04179754480719566, "Li5Mn2O10V3": 0.05366601049900055, "Li2Mn1O4V1": 0.054549094289541245, "Li3Mn2O12V3": 0.05451222509145737, "Cr3Li3Mn1O8": 0.05068686231970787, "Li5Mn1O8V3": 0.05381821095943451, "Li8Mn3O12Ti1": 0.04952612146735191, "Li4Mn7O18Ti2": 0.044826146215200424, "Li5Mn3O10V2": 0.05510425940155983, "Cr2Li3Mn1O6": 0.046780746430158615, "Cr1Li2Mn1O4": 0.05229081213474274, "Li1Mn3O8Ti1": 0.05144449323415756, "Cr3Li2Mn1O8": 0.053452763706445694, "Li10Mn3O16V5": 0.05690281093120575, "Li3Mn2O6V1": 0.05451712757349014, "Li4Mn5O16V3": 0.052799105644226074, "Li2Mn2O12V3": 0.05180433765053749, "Cr11Li24Mn1O36": 0.05134325101971626, "Cr3Li5Mn1O8": 0.05099407956004143, "Li5Mn5O12V2": 0.04852757975459099, "Li4Mn5O12Ti1": 0.035461779683828354, "Cr2Li2Mn1O6": 0.05353875830769539, "Cr1Li1Mn1O4": 0.05502143129706383, "Cr11Li32Mn5O48": 0.05323328822851181, "Cr2Li5Mn3O10": 0.05421994999051094, "Cr4Li3Mn1O8": 0.04027946665883064, "Li4Mn3O8V1": 0.050001706928014755, "Cr13Li32Mn3O48": 0.05224694684147835, "Li9Mn7O48V12": 0.054038967937231064, "Cr1Li4Mn1O6": 0.053856246173381805, "Cr1Li4Mn3O8": 0.05137750878930092, "Cr5Li24Mn7O36": 0.05355636402964592, "Cr7Li24Mn5O36": 0.053774427622556686, "Cr5Li4Mn1O12": 0.05240071564912796, "Li4Mn1O12V3": 0.06072026118636131, "Cr1Li3Mn2O6": 0.0545259527862072, "Cr3Li4Mn3O12": 0.05461214855313301, "Cr3Li32Mn13O48": 0.04896300286054611, "Cr5Li32Mn11O48": 0.052457358688116074, "Li2Mn3O8V1": 0.04581904411315918, "Cr1Li5Mn2O8": 0.053572382777929306, "Cr5Li4Mn3O16": 0.05456050485372543, "Li5Mn9O20Ti1": 0.035394564270973206, "Cr2Li3Mn2O8": 0.0540752150118351, "Cr5Li10Mn3O16": 0.05331211909651756, "Cr1Li24Mn11O36": 0.04169279336929321, "Cr2Li5Mn5O12": 0.04840986803174019, "Li3Mn4O8V1": 0.04534479230642319, "Cr2Li4Mn3O10": 0.054263751953840256, "Cr2Li4Mn5O12": 0.04995818808674812, "Cr6Li7Mn10O32": 0.05483436584472656, "Cr1Li3Mn4O8": 0.046069443225860596, "Cr1Li2Mn3O8": 0.053535256534814835, "Cr3Li8Mn1O12": 0.052736055105924606, "Li4Mn8O18Ti1": 0.03684728220105171, "Cr3Li4Mn5O16": 0.05489807948470116, "Cr1Li3Mn3O8": 0.050308387726545334, "Cr3Li3Mn5O16": 0.05460803583264351, "Cr3Li8Mn13O32": 0.048367690294981, "Fe1Li2Mn1O4": 0.05601587891578674, "Fe2Li5Mn3O10": 0.05530472472310066, "Cr1Li8Mn3O12": 0.05176573619246483, "Cr1Li2Mn2O6": 0.05453282967209816, "Cr2Li3Mn5O12": 0.05273960158228874, "Co1Li7Mn4O12": 0.034994758665561676, "Fe3Li4Mn1O8": 0.055426131933927536, "Fe2Li3Mn1O6": 0.0555940605700016, "Cr2Li1Mn1O6": 0.053763505071401596, "Co1Li6Mn3O10": 0.036881644278764725, "Fe2Li5Mn5O12": 0.05211612954735756, "Fe1Li6Mn5O12": 0.03800678625702858, "Fe1Li3Mn4O8": 0.05044962838292122, "Cr1Li8Mn15O32": 0.037628863006830215, "Fe1Li3Mn5O12": 0.04319048300385475, "Cr3Li2Mn3O12": 0.054344963282346725, "Co1Li5Mn2O8": 0.03950909152626991, "Co1Li4Mn3O8": 0.03395628556609154, "Fe2Li4Mn5O12": 0.05432763323187828, "Fe2Li4Mn3O10": 0.054832663387060165, "Fe2Li3Mn4O12": 0.054300397634506226, "Fe3Li3Mn1O8": 0.05714796856045723, "Fe3Li8Mn13O32": 0.044529642909765244, "Fe1Li2Mn3O8": 0.049287550151348114, "Fe3Li5Mn7O20": 0.05361376702785492, "Co1Li6Mn5O12": 0.032443687319755554, "Fe1Li3Mn3O8": 0.043434176594018936, "Fe1Li2Mn2O6": 0.053413331508636475, "Fe3Li5Mn2O10": 0.05572187528014183, "Co1Li3Mn4O8": 0.0381302535533905, "Cr1Li1Mn3O8": 0.05221395567059517, "Li8Mn15Ni1O32": 0.03356359153985977, "Fe1Li1Mn1O4": 0.05756443366408348, "Fe2Li2Mn5O12": 0.05664336308836937, "Cr2Li1Mn2O8": 0.05335908755660057, "Co1Li3Mn2O6": 0.036544665694236755, "Fe3Li4Mn3O12": 0.05661157891154289, "Fe2Li2Mn1O6": 0.0578894168138504, "Fe3Li10Mn5O16": 0.05664689093828201, "Co1Li5Mn5O12": 0.029510945081710815, "Li4Mn3Ni1O8": 0.030572805553674698, "Fe2Li3Mn2O8": 0.05623653903603554, "Fe5Li5Mn2O12": 0.05668308213353157, "Fe1Li4Mn5O12": 0.03762604668736458, "Co1Li3Mn1O5": 0.039835937321186066, "Cu3Li16Mn15O36": 0.03274897113442421, "Co2Li5Mn5O12": 0.038167450577020645, "Fe2Li3Mn3O10": 0.05547001585364342, "Li3Mn4Ni1O8": 0.04081372544169426, "Fe3Li4Mn5O16": 0.05503949895501137, "Fe1Li4Mn3O8": 0.04477597400546074, "Cr3Li2Mn2O12": 0.059345122426748276, "Fe1Li3Mn2O6": 0.05154835060238838, "Co1Li2Mn3O8": 0.033015940338373184, "Co1Li3Mn3O8": 0.031247634440660477, "Fe3Li12Mn2O16": 0.05307641625404358, "Co1Li4Mn5O12": 0.030316758900880814, "Fe11Li5Mn8O32": 0.06166234612464905, "Co1Li2Mn1O4": 0.04242890700697899, "Li5Mn2Ni1O8": 0.03522218018770218, "Fe2Li6Mn1O6": 0.0645940750837326, "Fe3Li8Mn6O18": 0.05002426728606224, "Co2Li5Mn3O10": 0.03879242762923241, "Fe3Li8Mn1O12": 0.05308862775564194, "Fe3Li1Mn2O8": 0.061674218624830246, "Fe4Li3Mn1O8": 0.056591033935546875, "Cu1Li4Mn3O8": 0.03958606347441673, "Fe2Li3Mn5O12": 0.056107837706804276, "Co3Li7Mn2O12": 0.04217889532446861, "Li9Mn12Ni3O32": 0.032408613711595535, "Li3Mn3Ni1O8": 0.02981763891875744, "Cu1Li3Mn4O8": 0.04833519831299782, "Li3Mn2Ni1O6": 0.030526407063007355, "Fe2Li1Mn3O8": 0.05898924544453621, "Li5Mn5Ni2O12": 0.03555470332503319, "Fe3Li2Mn1O8": 0.064505435526371, "Cr12Li9Mn7O48": 0.05889086797833443, "Co2Li5Mn1O8": 0.04468702897429466, "Li2Mn3Ni1O8": 0.03549240902066231, "Li4Mn5Ni1O12": 0.030311929062008858, "Fe17Li5Mn2O32": 0.06803219765424728, "Co1Li2Mn2O6": 0.032597772777080536, "Co2Li4Mn1O7": 0.045170437544584274, "Fe4Li4Mn5O18": 0.05655534565448761, "Cu3Li9Mn12O32": 0.0354020856320858, "Cu1Li4Mn5O12": 0.03340253606438637, "Li8Mn12Ni4O31": 0.03606559708714485, "Cu1Li3Mn2O6": 0.042156774550676346, "Fe5Li4Mn3O16": 0.05983065441250801, "Co2Li3Mn5O12": 0.038565170019865036, "Co3Li5Mn2O10": 0.047596827149391174, "Li4Mn5Ni2O12": 0.038925979286432266, "Fe5Li4Mn1O12": 0.05797593668103218, "Co5Li9Mn2O16": 0.04846039414405823, "Co2Li3Mn1O6": 0.05232638493180275, "Cu1Li2Mn3O8": 0.03838619217276573, "Co3Li4Mn5O16": 0.03504565730690956, "Li5Mn3Ni2O10": 0.0291525200009346, "Co3Li4Mn3O12": 0.037256449460983276, "Co2Li3Mn2O8": 0.03859655186533928, "Cu2Li4Mn5O12": 0.04525488242506981, "Co3Li4Mn2O10": 0.045340199023485184, "Li2Mn1Ni1O4": 0.02719520777463913, "Co3Li4Mn1O8": 0.056546811014413834, "Li2Mn2Ni1O6": 0.03129815682768822, "Li3Mn5Ni2O12": 0.04286660626530647, "Fe3Li2Mn3O12": 0.058627109974622726, "Li6Mn5Ni3O16": 0.028907280415296555, "Co1Li1Mn1O4": 0.03873349726200104, "Cu5Li7Mn12O32": 0.04036248102784157, "Cu1Li2Mn1O4": 0.04651666060090065,