{"Li5Mn5Ni2O12": 0.6278589963912964, "Li4Mn3O8V1": 0.07315856218338013, "Co1Li1Mn1O4": 0.9914482235908508, "Li5Mn3O10Ti2": 0.7105280160903931, "Li4Mn1Ni4O10": 0.9299984574317932, "Li3Mn1Ni2O6": 0.09680773317813873, "Cr2Li4Mn5O12": 0.08006489276885986, "Cr1Li24Mn11O36": 0.7326475977897644, "Cu1Li2Mn3O8": 0.533498227596283, "Li2Mn1O6V2": 0.6053121089935303, "Co1Li2Mn2O8": 0.1891196072101593, "Cr3Li2Mn1O8": 0.7300055027008057, "Co1Li3Mn3O8": 0.9885042309761047, "Li3Mn4Ni1O8": 0.09014801681041718, "Co3Li4Mn1O8": 0.8782656192779541, "Li8Mn7O30Ti6": 1.0002576112747192, "Li4Mn3Ni1O8": 1.123106837272644, "Fe3Li12Mn2O16": 0.8598609566688538, "Co2Li5Mn5O12": 0.9356997609138489, "Li5Mn3O10V2": 0.8075603246688843, "Co5Li9Mn2O16": 0.8620359301567078, "Cu2Li4Mn5O12": 0.09876677393913269, "Cu1Li2Mn2O6": 0.4685479402542114, "Li2Mn1O4Ti1": 0.09717133641242981, "Co1Li3Mn4O8": 0.953733503818512, "Fe2Li4Mn5O12": 1.004209041595459, "Cr2Li3Mn5O12": 0.6587123274803162, "Cu1Li1Mn1O4": 0.899998128414154, "Fe2Li3Mn3O10": 0.1016758531332016, "Li4Mn1Ni3O8": 0.9109824299812317, "Cr1Li1Mn3O8": 0.6242695450782776, "Co4Li3Mn1O8": 0.9517309069633484, "Cu3Li4Mn2O10": 0.9226105213165283, "Li4Mn8O18Ti1": 1.0242905616760254, "Li4Mn3O8Ti1": 0.8890079259872437, "Cr1Li8Mn3O12": 0.9014899134635925, "Li2Mn2Ni1O6": 0.8590884804725647, "Li4Mn2O12V5": 0.9479857087135315, "Co2Li1Mn2O8": 0.5506930947303772, "Li4Mn5O12Ti2": 0.7177573442459106, "Li2Mn3Ni1O8": 0.8382244110107422, "Co1Li1Mn2O6": 0.17358197271823883, "Cr1Li4Mn1O6": 0.8812360763549805, "Co3Li1Mn1O8": 0.9343081712722778, "Cr12Li9Mn7O48": 0.09947840869426727, "Li4Mn4O18Ti5": 0.9691935181617737, "Li3Mn5O12Ti2": 0.8527420163154602, "Cu3Li9Mn12O32": 0.8960535526275635, "Cr11Li24Mn1O36": 0.6313924193382263, "Li4Mn5O16Ti3": 0.9861557483673096, "Fe2Li5Mn5O12": 0.09157191216945648, "Co2Li3Mn1O6": 1.011773705482483, "Li2Mn2O12V3": 0.8545422554016113, "Co3Li2Mn3O12": 0.9803616404533386, "Fe2Li5Mn3O10": 0.8884303569793701, "Fe3Li2Mn1O8": 0.1147017776966095, "Li5Mn2Ni5O12": 0.11314310133457184, "Li3Mn2O12V5": 0.05467474088072777, "Cr6Li7Mn10O32": 0.7554359436035156, "Cr13Li32Mn3O48": 0.07721741497516632, "Fe5Li4Mn3O16": 0.9335917234420776, "Cu1Li4Mn5O12": 0.0792403370141983, "Cr3Li4Mn3O12": 0.13244837522506714, "Fe2Li3Mn5O12": 0.07936979830265045, "Co2Li4Mn1O7": 0.7636777758598328, "Cr2Li3Mn2O8": 0.9079515933990479, "Fe2Li1Mn3O8": 0.0608098991215229, "Cr1Li3Mn3O8": 0.9654823541641235, "Li5Mn5O12Ti2": 0.7357659935951233, "Co3Li4Mn3O12": 0.8251593112945557, "Li3Mn3Ni1O8": 0.8976669311523438, "Li5Mn9O20Ti1": 0.8804863691329956, "Cr2Li5Mn3O10": 0.1164245456457138, "Fe1Li4Mn5O12": 0.6360585689544678, "Co3Li5Mn2O10": 0.09789898991584778, "Li3Mn1Ni3O8": 0.07707090675830841, "Co1Li5Mn2O8": 0.1019970029592514, "Li3Mn1O8V3": 0.6186211705207825, "Fe1Li2Mn1O4": 0.6719963550567627, "Fe1Li4Mn3O8": 0.0696980208158493, "Li8Mn15Ni1O32": 0.9554670453071594, "Li1Mn1Ni1O4": 0.8171621561050415, "Li7Mn12O32Ti5": 0.9576621651649475, "Co5Li4Mn3O16": 1.2043896913528442, "Cr1Li2Mn2O6": 0.11160184442996979, "Li1Mn3O10Ti2": 0.8261388540267944, "Co1Li5Mn5O12": 0.12897132337093353, "Li9Mn7O48V12": 0.6249958872795105, "Co1Li7Mn4O12": 0.9406816959381104, "Fe1Li2Mn3O8": 0.7351852059364319, "Fe2Li3Mn4O12": 0.06683599203824997, "Co5Li4Mn2O12": 0.8363201022148132, "Li3Mn1O6Ti2": 0.9920421838760376, "Fe3Li5Mn2O10": 0.08214320242404938, "Li3Mn2O6V1": 0.09877224266529083, "Li4Mn5O12Ti1": 0.8047463297843933, "Li5Mn1O8V3": 0.0971737802028656, "Li5Mn5O12V2": 0.0930374413728714, "Li2Mn5O12Ti2": 0.06386438012123108, "Fe4Li4Mn5O18": 1.1396077871322632, "Co1Li2Mn3O8": 0.09444807469844818, "Fe1Li3Mn4O8": 0.10506784915924072, "Cu2Li3Mn1O6": 0.4424726963043213, "Li4Mn3O16V5": 0.8247441649436951, "Li2Mn3O10Ti2": 0.5908674001693726, "Fe2Li2Mn5O12": 0.09002898633480072, "Fe1Li3Mn2O6": 1.189255714416504, "Li4Mn1O8Ti3": 0.8790481686592102, "Fe2Li4Mn3O10": 0.7588829398155212, "Li2Mn1O8V3": 0.062065597623586655, "Li1Mn1O4V1": 0.8366575837135315, "Li3Mn1Ni4O8": 0.13504238426685333, "Co2Li5Mn3O10": 0.2420085221529007, "Li10Mn3O16V5": 0.730891227722168, "Cr2Li3Mn1O6": 1.0857843160629272, "Cu2Li1Mn5O12": 0.5872465968132019, "Co1Li3Mn1O5": 0.8515336513519287, "Cr3Li4Mn1O8": 0.8533899188041687, "Li2Mn2O6Ti1": 0.704356849193573, "Li6Mn5Ni3O16": 0.25671496987342834, "Li3Mn2Ni2O8": 0.9646092653274536, "Li4Mn7O18Ti2": 0.0803120881319046, "Co3Li3Mn1O8": 0.484901487827301, "Cr5Li4Mn1O12": 0.06947363913059235, "Cr3Li3Mn1O8": 0.9059725403785706, "Li4Mn3O16Ti5": 0.9169063568115234, "Co1Li2Mn2O6": 0.7483330368995667, "Cr3Li3Mn5O16": 0.5057154893875122, "Fe3Li10Mn5O16": 0.5222772359848022, "Li2Mn3O8V1": 0.5529384613037109, "Li4Mn5O18Ti4": 1.1642869710922241, "Fe3Li4Mn5O16": 0.880645215511322, "Cu5Li5Mn2O12": 0.10763251781463623, "Li5Mn2O12V5": 0.09019432961940765, "Li2Mn2O5Ti1": 0.07020743936300278, "Li3Mn2O12V3": 1.2048308849334717, "Co3Li7Mn3O16": 0.1802394688129425, "Co1Li4Mn3O8": 0.6572315096855164, "Li4Mn5O16V3": 0.12025149166584015, "Cu5Li7Mn12O32": 0.9160462021827698, "Li3Mn2Ni1O6": 0.43383339047431946, "Fe3Li5Mn7O20": 0.8757508397102356, "Fe2Li6Mn1O6": 0.7562452554702759, "Cu3Li5Mn2O10": 0.7410093545913696, "Li5Mn3O8Ti1": 0.8598085045814514, "Fe3Li2Mn3O12": 0.4787514805793762, "Fe1Li1Mn1O4": 0.1041138619184494, "Cr3Li2Mn2O12": 0.6994257569313049, "Li4Mn1Ni5O12": 0.4712039828300476, "Fe3Li4Mn1O8": 0.8419938087463379, "Fe5Li4Mn1O12": 0.8473520278930664, "Cr1Li3Mn4O8": 0.9861871600151062, "Fe4Li3Mn1O8": 0.803778350353241, "Cr2Li5Mn5O12": 0.6075896620750427, "Co1Li4Mn5O12": 0.06662251055240631, "Li2Mn1O12V5": 0.9432276487350464, "Fe2Li3Mn1O6": 0.6503984332084656, "Li2Mn1O8Ti3": 0.8600770831108093, "Li3Mn4O8V1": 1.049781084060669, "Cr2Li4Mn3O10": 0.743506133556366, "Cr1Li1Mn1O4": 0.7474024891853333, "Li2Mn1O4V1": 0.9591813087463379, "Li5Mn2O10V3": 0.07237930595874786, "Cr5Li32Mn11O48": 0.0896834135055542, "Cu3Li2Mn1O8": 0.8342111110687256, "Co1Li3Mn2O6": 0.8565241694450378, "Li4Mn6O18Ti3": 0.7087589502334595, "Li1Mn3Ni2O8": 0.9339714050292969, "Fe2Li2Mn1O6": 0.7686854004859924, "Cr5Li24Mn7O36": 0.43093428015708923, "Cr3Li8Mn1O12": 0.6135978698730469, "Co1Li6Mn5O12": 0.431650310754776, "Co5Li5Mn2O12": 0.8470536470413208, "Li2Mn1Ni3O8": 0.7997555732727051, "Li1Mn1O4Ti1": 0.9532688856124878, "Cr2Li2Mn1O6": 0.7899357676506042, "Cr3Li32Mn13O48": 1.2059316635131836, "Fe3Li1Mn2O8": 0.9896891713142395, "Cr3Li2Mn3O12": 0.6403884291648865, "Li5Mn1Ni4O10": 1.0084909200668335, "Co2Li3Mn2O8": 0.2736890912055969, "Cu3Li4Mn5O16": 0.976407527923584, "Cu2Li2Mn5O12": 0.5003224611282349, "Co3Li4Mn2O10": 1.258400797843933, "Cr5Li10Mn3O16": 0.09818510711193085, "Co3Li2Mn1O8": 0.09676316380500793, "Co5Li4Mn1O12": 0.8304975032806396, "Li3Mn3O10Ti2": 0.9323360323905945, "Cr1Li8Mn15O32": 0.8553216457366943, "Cr3Li4Mn5O16": 1.0508400201797485, "Li3Mn1O6V2": 0.08328010141849518, "Cr1Li2Mn1O4": 0.8104283213615417, "Fe3Li8Mn1O12": 1.0210087299346924, "Cr3Li5Mn1O8": 0.736825704574585, "Li3Mn1O12Ti4": 1.037752628326416, "Fe1Li3Mn5O12": 0.5103970766067505, "Cu2Li3Mn5O12": 0.674049973487854, "Fe17Li5Mn2O32": 0.5775458216667175, "Li3Mn1O8V4": 0.8965480327606201, "Cr3Li8Mn13O32": 0.05611712858080864, "Fe1Li3Mn3O8": 0.713992714881897, "Li4Mn3Ni3O12": 0.856430172920227, "Li3Mn2O6Ti1": 0.2752847671508789, "Li4Mn2O12V3": 1.2100200653076172, "Fe1Li2Mn2O6": 1.0225902795791626, "Li8Mn3O12Ti1": 0.5500689744949341, "Co1Li2Mn1O4": 0.17877577245235443, "Li1Mn3Ni1O8": 1.1613677740097046, "Fe3Li8Mn13O32": 0.590749204158783, "Li3Mn1O12V4": 0.4704486131668091, "Li3Mn3O8Ti1": 0.08810281753540039, "Co2Li5Mn1O8": 0.3581417202949524, "Cr2Li1Mn1O6": 0.06909670680761337, "Li5Mn3Ni2O10": 0.5792005658149719, "Fe11Li5Mn8O32": 1.0030168294906616, "Cu3Li16Mn15O36": 1.1066858768463135, "Co3Li4Mn5O16": 0.6233042478561401, "Li4Mn1O8V3": 1.2190436124801636, "Li5Mn2Ni3O10": 0.6551060676574707, "Fe3Li3Mn1O8": 0.08172918856143951, "Li4Mn5Ni1O12": 0.7325530052185059, "Li1Mn2Ni1O6": 0.16109313070774078, "Li3Mn2Ni5O12": 0.7612650990486145, "Li11Mn12O32Ti4": 0.7264548540115356,