{"stats": {"Ed": {"reg": {"abs": {"mean": 0.027122414116884676, "median": 0.024182088292397208, "per": {"1": 0.00018922036281116412, "10": 0.004463246822432922, "25": 0.012564322917216004, "50": 0.024182088292397208, "75": 0.0384710022695708, "90": 0.049650399107808774, "99": 0.0903344157561618}}, "raw": {"mean": 0.004184739570510449, "median": 0.004517112400731847, "per": {"1": -0.06273411100122551, "10": -0.04094226692873969, "25": -0.019630557579265764, "50": 0.004517112400731847, "75": 0.026843281578777557, "90": 0.04323774781128987, "99": 0.08522187861125124}}, "rmse": 0.03326945768616281, "r2": 0.00011786401559521487}, "cl": {"0": {"raw": {"tn": 258, "fp": 0, "fn": 9, "tp": 0}, "scores": {"precision": 0, "recall": 0.0, "f1": 0, "accuracy": 0.9662921348314607, "fpr": 0.0}}}}}, "data": {"Ed": [0.03873349726200104, 0.04218697175383568, 0.04242890700697899, 0.032597772777080536, 0.04648429527878761, 0.033015940338373184, 0.039835937321186066, 0.036544665694236755, 0.031247634440660477, 0.0381302535533905, 0.03395628556609154, 0.030316758900880814, 0.03950909152626991, 0.029510945081710815, 0.036881644278764725, 0.032443687319755554, 0.034994758665561676, 0.04879084229469299, 0.04954497888684273, 0.05232638493180275, 0.03859655186533928, 0.038565170019865036, 0.045170437544584274, 0.04468702897429466, 0.03879242762923241, 0.038167450577020645, 0.05294108763337135, 0.054841216653585434, 0.045106422156095505, 0.05553390458226204, 0.056546811014413834, 0.045340199023485184, 0.037256449460983276, 0.03504565730690956, 0.047596827149391174, 0.04217889532446861, 0.04371599480509758, 0.06154155731201172, 0.057057857513427734, 0.05723860487341881, 0.04738979786634445, 0.058112870901823044, 0.04846039414405823, 0.05134325101971626, 0.05323328822851181, 0.05889086797833443, 0.05224694684147835, 0.05502143129706383, 0.05221395567059517, 0.04169279336929321, 0.05229081213474274, 0.05453282967209816, 0.053535256534814835, 0.0545259527862072, 0.050308387726545334, 0.046069443225860596, 0.053856246173381805, 0.05137750878930092, 0.053572382777929306, 0.037628863006830215, 0.05176573619246483, 0.053763505071401596, 0.05335908755660057, 0.05353875830769539, 0.046780746430158615, 0.0540752150118351, 0.05273960158228874, 0.054263751953840256, 0.04995818808674812, 0.05421994999051094, 0.04840986803174019, 0.053452763706445694, 0.059345122426748276, 0.054344963282346725, 0.04896300286054611, 0.05068686231970787, 0.05460803583264351, 0.044720035046339035, 0.05461214855313301, 0.05489807948470116, 0.05099407956004143, 0.048367690294981, 0.052736055105924606, 0.04027946665883064, 0.05331211909651756, 0.05355636402964592, 0.052457358688116074, 0.05240071564912796, 0.05456050485372543, 0.05483436584472656, 0.053774427622556686, 0.05016368255019188, 0.04651666060090065, 0.04143216088414192, 0.03838619217276573, 0.042156774550676346, 0.04833519831299782, 0.03958606347441673, 0.03340253606438637, 0.03955542668700218, 0.04181015118956566, 0.047027330845594406, 0.043383702635765076, 0.04525488242506981, 0.03274897113442421, 0.055358752608299255, 0.05396745726466179, 0.04706011340022087, 0.04981433227658272, 0.04250047728419304, 0.04688398540019989, 0.0354020856320858, 0.053771570324897766, 0.04036248102784157, 0.06166234612464905, 0.06803219765424728, 0.05756443366408348, 0.05601587891578674, 0.053413331508636475, 0.049287550151348114, 0.05154835060238838, 0.043434176594018936, 0.05044962838292122, 0.04319048300385475, 0.04477597400546074, 0.03762604668736458, 0.03800678625702858, 0.05898924544453621, 0.0578894168138504, 0.05664336308836937, 0.0555940605700016, 0.05623653903603554, 0.05547001585364342, 0.054300397634506226, 0.056107837706804276, 0.054832663387060165, 0.05432763323187828, 0.05530472472310066, 0.05211612954735756, 0.0645940750837326, 0.05664689093828201, 0.05307641625404358, 0.061674218624830246, 0.064505435526371, 0.058627109974622726, 0.05714796856045723, 0.055426131933927536, 0.05661157891154289, 0.05503949895501137, 0.05572187528014183, 0.05361376702785492, 0.044529642909765244, 0.05308862775564194, 0.05002426728606224, 0.056591033935546875, 0.05655534565448761, 0.05797593668103218, 0.05983065441250801, 0.05668308213353157, 0.05690281093120575, 0.05838907137513161, 0.0410015843808651, 0.03606148064136505, 0.05368739739060402, 0.05467905476689339, 0.0429924912750721, 0.04378703609108925, 0.04153778776526451, 0.0590071864426136, 0.05144449323415756, 0.02719520777463913, 0.023982159793376923, 0.03291745111346245, 0.05378376692533493, 0.0529339425265789, 0.054549094289541245, 0.05427047982811928, 0.02427569217979908, 0.05416564270853996, 0.03129815682768822, 0.05180433765053749, 0.05742550641298294, 0.04736512526869774, 0.03549240902066231, 0.054020922631025314, 0.04492875933647156, 0.04581904411315918, 0.05047650262713432, 0.02384851686656475, 0.021840691566467285, 0.021247178316116333, 0.07035555690526962, 0.05199645459651947, 0.04972265660762787, 0.05253998562693596, 0.05250294879078865, 0.051321592181921005, 0.030526407063007355, 0.02612386643886566, 0.02404944971203804, 0.05451222509145737, 0.05401293560862541, 0.05325354263186455, 0.05451712757349014, 0.02981763891875744, 0.050303589552640915, 0.040762271732091904, 0.04081372544169426, 0.05439956858754158, 0.04534479230642319, 0.04286660626530647, 0.0502212755382061, 0.021302243694663048, 0.020471710711717606, 0.0219262707978487, 0.06072026118636131, 0.044752854853868484, 0.05070102587342262, 0.024515371769666672, 0.022858548909425735, 0.05633379518985748, 0.053921159356832504, 0.030572805553674698, 0.02829102613031864, 0.04817458242177963, 0.04328982159495354, 0.05521012470126152, 0.04827315732836723, 0.050001706928014755, 0.052976030856370926, 0.030311929062008858, 0.038925979286432266, 0.036381661891937256, 0.035461779683828354, 0.05227663367986679, 0.0528840646147728, 0.052799105644226074, 0.0540265329182148, 0.05228555202484131, 0.044826146215200424, 0.03684728220105171, 0.01875966228544712, 0.05381821095943451, 0.03522218018770218, 0.02534455992281437, 0.02242404781281948, 0.05366601049900055, 0.053072698414325714, 0.0291525200009346, 0.054333437234163284, 0.05510425940155983, 0.05662338435649872, 0.03555470332503319, 0.056542105972766876, 0.04852757975459099, 0.04179754480719566, 0.035394564270973206, 0.01982688345015049, 0.028907280415296555, 0.04933549091219902, 0.03606559708714485, 0.03356359153985977, 0.01566191017627716, 0.04952612146735191, 0.05602853372693062, 0.032408613711595535, 0.054038967937231064],