{"stats": {"Ed": {"reg": {"abs": {"mean": 0.026320708359333346, "median": 0.023715502036026237, "per": {"1": 0.0007791687101400121, "10": 0.0046741940763193315, "25": 0.012214974518995204, "50": 0.023715502036026237, "75": 0.038797370027803126, "90": 0.046252055309743946, "99": 0.08788146177678893}}, "raw": {"mean": 0.0011053298803761378, "median": 0.0008599019330307739, "per": {"1": -0.06116255267241551, "10": -0.04113704454042491, "25": -0.023929234034005487, "50": 0.0008599019330307739, "75": 0.02308568898757766, "90": 0.040304913484988915, "99": 0.08763189156312577}}, "rmse": 0.032253517290634595, "r2": 0.06025174070390005}, "cl": {"0": {"raw": {"tn": 258, "fp": 0, "fn": 9, "tp": 0}, "scores": {"precision": 0, "recall": 0.0, "f1": 0, "accuracy": 0.9662921348314607, "fpr": 0.0}}}}}, "data": {"Ed": [0.05194874107837677, 0.04665590450167656, 0.058542650192976, 0.047798220068216324, 0.058292556554079056, 0.0418463759124279, 0.05466600880026817, 0.05424785241484642, 0.044920794665813446, 0.04647913575172424, 0.05050037428736687, 0.03956557810306549, 0.051815230399370193, 0.042867813259363174, 0.05049806088209152, 0.047284241765737534, 0.04922645539045334, 0.05197332054376602, 0.05852939561009407, 0.05921409651637077, 0.05558120086789131, 0.04309145733714104, 0.05617205426096916, 0.05115482583642006, 0.05643428489565849, 0.05048852041363716, 0.05676623806357384, 0.05812898650765419, 0.051278457045555115, 0.05900959298014641, 0.05909058824181557, 0.0581938810646534, 0.05424785986542702, 0.04749946668744087, 0.05902985855937004, 0.055891554802656174, 0.05599818751215935, 0.05798229202628136, 0.058169085532426834, 0.0569569356739521, 0.05647427961230278, 0.059737157076597214, 0.056094687432050705, 0.046670783311128616, 0.051818300038576126, 0.06117299571633339, 0.04937903583049774, 0.05379394069314003, 0.05057397484779358, 0.047847434878349304, 0.05415889993309975, 0.049660030752420425, 0.0456404834985733, 0.052937839180231094, 0.047226790338754654, 0.04600153863430023, 0.05369163677096367, 0.050802331417798996, 0.054054249078035355, 0.03699922561645508, 0.05191366747021675, 0.053379494696855545, 0.05877551808953285, 0.052397310733795166, 0.05339464917778969, 0.05336282029747963, 0.045072734355926514, 0.05260012671351433, 0.046324413269758224, 0.053910862654447556, 0.04920737072825432, 0.051453690975904465, 0.06130878999829292, 0.05705663934350014, 0.05051380395889282, 0.05129517987370491, 0.054199252277612686, 0.05282524228096008, 0.053233802318573, 0.05170740559697151, 0.05859200283885002, 0.04181328043341637, 0.05078558623790741, 0.04978536441922188, 0.05997692421078682, 0.05352035537362099, 0.0527171790599823, 0.0501522421836853, 0.05308569222688675, 0.052905548363924026, 0.05309401452541351, 0.05855473503470421, 0.05874468758702278, 0.05104769021272659, 0.0447855107486248, 0.058416616171598434, 0.053171832114458084, 0.05564894899725914, 0.04354467615485191, 0.04258451238274574, 0.04483383521437645, 0.057741712778806686, 0.048199597746133804, 0.05348141863942146, 0.048492182046175, 0.06790857017040253, 0.059965211898088455, 0.05553411319851875, 0.05835709348320961, 0.0516483411192894, 0.058505166321992874, 0.04254910349845886, 0.05923468992114067, 0.04617657884955406, 0.05152354761958122, 0.05915050581097603, 0.05646209046244621, 0.052451182156801224, 0.04834944009780884, 0.04540444165468216, 0.05116022750735283, 0.046852000057697296, 0.04759540036320686, 0.04193488880991936, 0.0496077686548233, 0.0421300046145916, 0.04730246588587761, 0.046982910484075546, 0.0547291599214077, 0.045071057975292206, 0.05044558644294739, 0.051796842366456985, 0.05129747465252876, 0.049677032977342606, 0.04585834965109825, 0.05030610412359238, 0.04768785834312439, 0.05192001536488533, 0.04972802475094795, 0.06724107265472412, 0.056266527622938156, 0.05350525304675102, 0.04980471357703209, 0.061500173062086105, 0.06133487448096275, 0.05321769043803215, 0.049363330006599426, 0.052821625024080276, 0.05159720405936241, 0.05146602913737297, 0.04802017658948898, 0.04286586865782738, 0.05255532264709473, 0.04991832748055458, 0.05059462785720825, 0.05632210895419121, 0.057122860103845596, 0.059431981295347214, 0.050541944801807404, 0.06530529260635376, 0.06587347388267517, 0.045703765004873276, 0.038723018020391464, 0.05650174990296364, 0.04923752322793007, 0.042446739971637726, 0.042778756469488144, 0.03312196210026741, 0.06287039071321487, 0.05263815447688103, 0.040842700749635696, 0.029618270695209503, 0.033247094601392746, 0.05214649438858032, 0.06367336213588715, 0.05961400642991066, 0.05778460577130318, 0.03094574064016342, 0.05486777797341347, 0.03839677944779396, 0.05067095533013344, 0.06108385697007179, 0.04999484866857529, 0.03753915801644325, 0.05735329911112785, 0.04495711997151375, 0.04177110642194748, 0.04190515726804733, 0.031014785170555115, 0.022739004343748093, 0.017706722021102905, 0.041854728013277054, 0.04915497452020645, 0.06669307500123978, 0.062385816127061844, 0.05944598838686943, 0.06427137553691864, 0.04565291479229927, 0.03733161464333534, 0.023131001740694046, 0.053579967468976974, 0.058536920696496964, 0.05872895196080208, 0.05443495884537697, 0.03908738121390343, 0.053218159824609756, 0.046406760811805725, 0.04391302913427353, 0.052145954221487045, 0.04793950915336609, 0.03674422577023506, 0.04483414441347122, 0.022396255284547806, 0.01822449266910553, 0.021269340068101883, 0.06101840361952782, 0.065735824406147, 0.06301990151405334, 0.03241737559437752, 0.021805480122566223, 0.05619962140917778, 0.06147157773375511, 0.04503186047077179, 0.036488454788923264, 0.054486241191625595, 0.04829243943095207, 0.05271421745419502, 0.05397362634539604, 0.051375437527894974, 0.05618901178240776, 0.03728614002466202, 0.039267901331186295, 0.038796763867139816, 0.04093450307846069, 0.05000932142138481, 0.052734531462192535, 0.045412614941596985, 0.05775495246052742, 0.05159455165266991, 0.04418027028441429, 0.03909744694828987, 0.017916951328516006, 0.06628842651844025, 0.045573316514492035, 0.036429792642593384, 0.02387247234582901, 0.06132569536566734, 0.0638558566570282, 0.04480111226439476, 0.06131301447749138, 0.057220522314310074, 0.06239375099539757, 0.04342673346400261, 0.057733792811632156, 0.0519859679043293, 0.042441144585609436, 0.03833908215165138, 0.01598237082362175, 0.03933336213231087, 0.04547119140625, 0.03726298362016678, 0.03509531170129776, 0.013120480813086033, 0.04738122969865799, 0.06447968631982803, 0.037757158279418945, 0.05474190041422844],