{"stats": {"Ed": {"reg": {"abs": {"mean": 0.5756140382526661, "median": 0.6920730535913051, "per": {"1": 0.004638902921363913, "10": 0.03494431308902222, "25": 0.10983593591248028, "50": 0.6920730535913051, "75": 0.8655880202053736, "90": 0.9560876091590302, "99": 1.1826024443883787}}, "raw": {"mean": -0.5729706469423027, "median": -0.6920730535913051, "per": {"1": -1.1826024443883787, "10": -0.9560876091590302, "25": -0.8655880202053736, "50": -0.6920730535913051, "75": -0.10983593591248028, "90": -0.031909233631569306, "99": 0.03663348377648051}}, "rmse": 0.6799032746436503, "r2": -416.59148238701175}, "cl": {"0": {"raw": {"tn": 258, "fp": 0, "fn": 9, "tp": 0}, "scores": {"precision": 0, "recall": 0.0, "f1": 0, "accuracy": 0.9662921348314607, "fpr": 0.0}}}}}, "data": {"Ed": [0.9914482235908508, 0.17358197271823883, 0.17877577245235443, 0.7483330368995667, 0.1891196072101593, 0.09444807469844818, 0.8515336513519287, 0.8565241694450378, 0.9885042309761047, 0.953733503818512, 0.6572315096855164, 0.06662251055240631, 0.1019970029592514, 0.12897132337093353, 0.9151756167411804, 0.431650310754776, 0.9406816959381104, 0.5506930947303772, 0.07492805272340775, 1.011773705482483, 0.2736890912055969, 0.1753878891468048, 0.7636777758598328, 0.3581417202949524, 0.2420085221529007, 0.9356997609138489, 0.9343081712722778, 0.09676316380500793, 0.9803616404533386, 0.484901487827301, 0.8782656192779541, 1.258400797843933, 0.8251593112945557, 0.6233042478561401, 0.09789898991584778, 0.5972941517829895, 0.1802394688129425, 0.9517309069633484, 0.8304975032806396, 0.8363201022148132, 1.2043896913528442, 0.8470536470413208, 0.8620359301567078, 0.6313924193382263, 1.1976433992385864, 0.09947840869426727, 0.07721741497516632, 0.7474024891853333, 0.6242695450782776, 0.7326475977897644, 0.8104283213615417, 0.11160184442996979, 1.1232327222824097, 0.10088703036308289, 0.9654823541641235, 0.9861871600151062, 0.8812360763549805, 0.06724555790424347, 0.08246269822120667, 0.8553216457366943, 0.9014899134635925, 0.06909670680761337, 0.8298326730728149, 0.7899357676506042, 1.0857843160629272, 0.9079515933990479, 0.6587123274803162, 0.743506133556366, 0.08006489276885986, 0.1164245456457138, 0.6075896620750427, 0.7300055027008057, 0.6994257569313049, 0.6403884291648865, 1.2059316635131836, 0.9059725403785706, 0.5057154893875122, 0.8533899188041687, 0.13244837522506714, 1.0508400201797485, 0.736825704574585, 0.05611712858080864, 0.6135978698730469, 0.9296051859855652, 0.09818510711193085, 0.43093428015708923, 0.0896834135055542, 0.06947363913059235, 0.6296696662902832, 0.7554359436035156, 0.8300562500953674, 0.899998128414154, 1.10489821434021, 0.4685479402542114, 0.533498227596283, 0.17052586376667023, 1.077388882637024, 0.9127625823020935, 0.0792403370141983, 0.5872465968132019, 0.5003224611282349, 0.4424726963043213, 0.674049973487854, 0.09876677393913269, 1.1066858768463135, 0.8342111110687256, 0.9060572981834412, 0.06919622421264648, 0.9226105213165283, 0.976407527923584, 0.7410093545913696, 0.8960535526275635, 0.10763251781463623, 0.9160462021827698, 1.0030168294906616, 0.5775458216667175, 0.1041138619184494, 0.6719963550567627, 1.0225902795791626, 0.7351852059364319, 1.189255714416504, 0.713992714881897, 0.10506784915924072, 0.5103970766067505, 0.0696980208158493, 0.6360585689544678, 0.08685480058193207, 0.0608098991215229, 0.7686854004859924, 0.09002898633480072, 0.6503984332084656, 0.09999673068523407, 0.1016758531332016, 0.06683599203824997, 0.07936979830265045, 0.7588829398155212, 1.004209041595459, 0.8884303569793701, 0.09157191216945648, 0.7562452554702759, 0.5222772359848022, 0.8598609566688538, 0.9896891713142395, 0.1147017776966095, 0.4787514805793762, 0.08172918856143951, 0.8419938087463379, 0.9053068161010742, 0.880645215511322, 0.08214320242404938, 0.8757508397102356, 0.590749204158783, 1.0210087299346924, 0.9115060567855835, 0.803778350353241, 1.1396077871322632, 0.8473520278930664, 0.9335917234420776, 0.8816882371902466, 0.730891227722168, 0.10893130302429199, 0.7264548540115356, 0.8171621561050415, 0.9532688856124878, 0.8366575837135315, 0.16109313070774078, 1.1613677740097046, 0.9339714050292969, 0.8261388540267944, 0.8543899059295654, 0.6967626214027405, 0.1056804209947586, 0.7997555732727051, 0.9432276487350464, 0.09717133641242981, 0.9591813087463379, 0.6053121089935303, 0.8600770831108093, 0.062065597623586655, 0.8590884804725647, 0.8545422554016113, 0.07020743936300278, 0.704356849193573, 0.8382244110107422, 0.5908674001693726, 0.41276678442955017, 0.5529384613037109, 0.06386438012123108, 0.09680773317813873, 0.07707090675830841, 0.13504238426685333, 1.037752628326416, 0.4704486131668091, 0.9920421838760376, 0.08328010141849518, 0.6186211705207825, 0.8965480327606201, 0.43383339047431946, 0.9646092653274536, 0.7612650990486145, 1.2048308849334717, 0.05467474088072777, 0.2752847671508789, 0.09877224266529083, 0.8976669311523438, 0.9323360323905945, 0.08810281753540039, 0.09014801681041718, 0.6494647860527039, 1.049781084060669, 0.9219945669174194, 0.8527420163154602, 0.9109824299812317, 0.9299984574317932, 0.4712039828300476, 1.0453264713287354, 0.8790481686592102, 1.2190436124801636, 0.09883357584476471, 0.8510934114456177, 1.2100200653076172, 0.9479857087135315, 1.123106837272644, 0.856430172920227, 0.8417393565177917, 0.9169063568115234, 0.8247441649436951, 0.8890079259872437, 0.07315856218338013, 0.9691935181617737, 0.7325530052185059, 0.4078565835952759, 0.5925158262252808, 0.8047463297843933, 0.7177573442459106, 0.9861557483673096, 0.12025149166584015, 1.1642869710922241, 0.7087589502334595, 0.0803120881319046, 1.0242905616760254, 1.0084909200668335, 0.0971737802028656, 0.11081543564796448, 0.6551060676574707, 0.11314310133457184, 0.07237930595874786, 0.09019432961940765, 0.5792005658149719, 0.7105280160903931, 0.8075603246688843, 0.8598085045814514, 0.6278589963912964, 0.7357659935951233, 0.0930374413728714, 0.0826338529586792, 0.8804863691329956, 1.0749804973602295, 0.25671496987342834, 0.9576621651649475, 0.8414783477783203, 0.9554670453071594, 1.0269893407821655, 0.5500689744949341, 1.0002576112747192, 0.8669491410255432, 0.6249958872795105],