{"Li2Mn1O8Ti3": -2.875948429107666, "Li3Mn1O12Ti4": -2.9091646671295166, "Li4Mn3O16Ti5": -2.799842119216919, "Li4Mn1O8Ti3": -2.8199784755706787, "Li3Mn1O6Ti2": -2.739096164703369, "Li4Mn4O18Ti5": -2.769489288330078, "Li1Mn1O4Ti1": -2.763090133666992, "Li2Mn1O4Ti1": -2.635258436203003, "Li5Mn3O10Ti2": -2.4934122562408447, "Li4Mn3O10Ti2": -2.5115296840667725, "Li4Mn5O18Ti4": -2.679841995239258, "Li3Mn3O10Ti2": -2.621453046798706, "Li4Mn5O16Ti3": -2.557774305343628, "Li2Mn3O10Ti2": -2.553919792175293, "Li2Mn2O5Ti1": -2.3822267055511475, "Li8Mn7O30Ti6": -2.69903564453125, "Li1Mn3O10Ti2": -2.61173939704895, "Li3Mn2O6Ti1": -2.3896234035491943, "Li5Mn5O12Ti2": -2.3546078205108643, "Li2Mn2O6Ti1": -2.458484649658203, "Li4Mn5O12Ti2": -2.3779215812683105, "Li7Mn12O32Ti5": -2.4915990829467773, "Li3Mn5O12Ti2": -2.3831424713134766, "Li4Mn6O18Ti3": -2.5150012969970703, "Li2Mn1O8V3": -2.452340841293335, "Li10Mn5O16Ti3": -2.390465497970581, "Li2Mn5O12Ti2": -2.4555211067199707, "Li4Mn3O8Ti1": -2.3389792442321777, "Li3Mn3O8Ti1": -2.318113088607788, "Li2Mn3O8Ti1": -2.4471817016601562, "Li1Mn1O4V1": -2.308518648147583, "Li4Mn1O8V3": -2.3541014194488525, "Li11Mn12O32Ti4": -2.334841728210449, "Li3Mn1O8V3": -2.323272228240967, "Li3Mn1O12V4": -2.4655752182006836, "Li3Mn1O6V2": -2.3339531421661377, "Li2Mn1O12V5": -2.5388615131378174, "Li4Mn2O12V5": -2.2523326873779297, "Li4Mn2O12V3": -2.3531956672668457, "Li3Mn4O8Ti1": -2.209643602371216, "Li4Mn3O16V5": -2.3715343475341797, "Li5Mn2O12V5": -2.220146894454956, "Li3Mn1O8V4": -2.209465980529785, "Li5Mn3O8Ti1": -2.236032247543335, "Li3Mn2O12V5": -2.3155972957611084, "Li2Mn1O6V2": -2.312174081802368, "Cr3Li4Mn1O8": -2.1084647178649902, "Li5Mn8O20Ti2": -2.3496499061584473, "Li5Mn2O10V3": -2.28029727935791, "Li2Mn1O4V1": -2.195469856262207, "Li3Mn2O12V3": -2.4454269409179688, "Cr3Li3Mn1O8": -2.092444896697998, "Li5Mn1O8V3": -2.2363452911376953, "Li8Mn3O12Ti1": -2.321683645248413, "Li4Mn7O18Ti2": -2.379314661026001, "Li5Mn3O10V2": -2.195469856262207, "Cr2Li3Mn1O6": -2.0914180278778076, "Cr1Li2Mn1O4": -2.0667409896850586, "Li1Mn3O8Ti1": -2.4982211589813232, "Cr3Li2Mn1O8": -2.0902295112609863, "Li10Mn3O16V5": -2.231006383895874, "Li3Mn2O6V1": -2.195469856262207, "Li4Mn5O16V3": -2.3018646240234375, "Li2Mn2O12V3": -2.4639267921447754, "Cr11Li24Mn1O36": -2.2579591274261475, "Cr3Li5Mn1O8": -2.029714822769165, "Li5Mn5O12V2": -2.075500011444092, "Li4Mn5O12Ti1": -2.3116893768310547, "Cr2Li2Mn1O6": -2.0846872329711914, "Cr1Li1Mn1O4": -2.126333236694336, "Cr11Li32Mn5O48": -2.2552552223205566, "Cr2Li5Mn3O10": -2.0761983394622803, "Cr4Li3Mn1O8": -2.0342471599578857, "Li4Mn3O8V1": -2.1888158321380615, "Cr13Li32Mn3O48": -2.2552552223205566, "Li9Mn7O48V12": -2.437150239944458, "Cr1Li4Mn1O6": -2.2354636192321777, "Cr1Li4Mn3O8": -2.060573101043701, "Cr5Li24Mn7O36": -2.2354636192321777, "Cr7Li24Mn5O36": -2.2552552223205566, "Cr5Li4Mn1O12": -2.0922765731811523, "Li4Mn1O12V3": -2.345442295074463, "Cr1Li3Mn2O6": -2.0470638275146484, "Cr3Li4Mn3O12": -2.1011905670166016, "Cr3Li32Mn13O48": -2.189588785171509, "Cr5Li32Mn11O48": -2.190164566040039, "Li2Mn3O8V1": -2.2302916049957275, "Cr1Li5Mn2O8": -2.1828501224517822, "Cr5Li4Mn3O16": -2.101065158843994, "Li5Mn9O20Ti1": -2.187894344329834, "Cr2Li3Mn2O8": -2.060178518295288, "Cr5Li10Mn3O16": -2.0243759155273438, "Cr1Li24Mn11O36": -2.189588785171509, "Cr2Li5Mn5O12": -2.0328707695007324, "Li3Mn4O8V1": -2.040510654449463, "Cr2Li4Mn3O10": -2.0963616371154785, "Cr2Li4Mn5O12": -2.031978130340576, "Cr6Li7Mn10O32": -2.0950236320495605, "Cr1Li3Mn4O8": -2.031978130340576, "Cr1Li2Mn3O8": -2.096705436706543, "Cr3Li8Mn1O12": -2.2552552223205566, "Li4Mn8O18Ti1": -2.163238763809204, "Cr3Li4Mn5O16": -2.1196792125701904, "Cr1Li3Mn3O8": -2.067840337753296, "Cr3Li3Mn5O16": -2.1060307025909424, "Cr3Li8Mn13O32": -2.0732181072235107, "Fe1Li2Mn1O4": -2.044886827468872, "Fe2Li5Mn3O10": -2.0613815784454346, "Cr1Li8Mn3O12": -2.1872992515563965, "Cr1Li2Mn2O6": -2.1226699352264404, "Cr2Li3Mn5O12": -2.0769059658050537, "Co1Li7Mn4O12": -2.1380090713500977, "Fe3Li4Mn1O8": -1.99481201171875, "Fe2Li3Mn1O6": -2.045088768005371, "Cr2Li1Mn1O6": -2.1526293754577637, "Co1Li6Mn3O10": -2.1615242958068848, "Fe2Li5Mn5O12": -2.006783962249756, "Fe1Li6Mn5O12": -2.0743660926818848, "Fe1Li3Mn4O8": -1.9972381591796875, "Cr1Li8Mn15O32": -2.158245801925659, "Fe1Li3Mn5O12": -2.1597306728363037, "Cr3Li2Mn3O12": -2.124758243560791, "Co1Li5Mn2O8": -2.0838513374328613, "Co1Li4Mn3O8": -2.0425326824188232, "Fe2Li4Mn5O12": -2.0165352821350098, "Fe2Li4Mn3O10": -2.044886827468872, "Fe2Li3Mn4O12": -2.1368136405944824, "Fe3Li3Mn1O8": -1.9739153385162354, "Fe3Li8Mn13O32": -2.1496119499206543, "Fe1Li2Mn3O8": -2.137446165084839, "Fe3Li5Mn7O20": -2.137446165084839, "Co1Li6Mn5O12": -2.037686347961426, "Fe1Li3Mn3O8": -2.0417535305023193, "Fe1Li2Mn2O6": -2.071126937866211, "Fe3Li5Mn2O10": -2.045088768005371, "Co1Li3Mn4O8": -1.9438490867614746, "Cr1Li1Mn3O8": -2.1517670154571533, "Li8Mn15Ni1O32": -2.158245801925659, "Fe1Li1Mn1O4": -2.1055901050567627, "Fe2Li2Mn5O12": -2.13259220123291, "Cr2Li1Mn2O8": -2.115647315979004, "Co1Li3Mn2O6": -2.0107266902923584, "Fe3Li4Mn3O12": -2.0344245433807373, "Fe2Li2Mn1O6": -2.003573179244995, "Fe3Li10Mn5O16": -1.9695260524749756, "Co1Li5Mn5O12": -2.037686347961426, "Li4Mn3Ni1O8": -1.9511682987213135, "Fe2Li3Mn2O8": -2.009897470474243, "Fe5Li5Mn2O12": -1.966526985168457, "Fe1Li4Mn5O12": -2.0828733444213867, "Co1Li3Mn1O5": -2.032092571258545, "Cu3Li16Mn15O36": -2.0093834400177, "Co2Li5Mn5O12": -1.9672064781188965, "Fe2Li3Mn3O10": -2.091669797897339, "Li3Mn4Ni1O8": -1.8631618022918701, "Fe3Li4Mn5O16": -2.107025384902954, "Fe1Li4Mn3O8": -2.069093704223633, "Cr3Li2Mn2O12": -2.113215446472168, "Fe1Li3Mn2O6": -2.0668604373931885, "Co1Li2Mn3O8": -2.0902984142303467, "Co1Li3Mn3O8": -2.002696990966797, "Fe3Li12Mn2O16": -2.0760583877563477, "Co1Li4Mn5O12": -2.0461935997009277, "Fe11Li5Mn8O32": -2.0327816009521484, "Co1Li2Mn1O4": -1.9317808151245117, "Li5Mn2Ni1O8": -2.0124471187591553, "Fe2Li6Mn1O6": -1.7778303623199463, "Fe3Li8Mn6O18": -2.0668604373931885, "Co2Li5Mn3O10": -1.9317808151245117, "Fe3Li8Mn1O12": -2.1477725505828857, "Fe3Li1Mn2O8": -1.9623947143554688, "Fe4Li3Mn1O8": -1.9118657112121582, "Cu1Li4Mn3O8": -2.0142297744750977, "Fe2Li3Mn5O12": -2.078864574432373, "Co3Li7Mn2O12": -2.01131534576416, "Li9Mn12Ni3O32": -2.087925910949707, "Li3Mn3Ni1O8": -1.9271361827850342, "Cu1Li3Mn4O8": -1.9432752132415771, "Li3Mn2Ni1O6": -1.9186789989471436, "Fe2Li1Mn3O8": -1.9925711154937744, "Li5Mn5Ni2O12": -1.8463490009307861, "Fe3Li2Mn1O8": -2.0727736949920654, "Cr12Li9Mn7O48": -2.198049783706665, "Co2Li5Mn1O8": -2.023935556411743, "Li2Mn3Ni1O8": -2.0369362831115723, "Li4Mn5Ni1O12": -1.986849069595337, "Fe17Li5Mn2O32": -1.9701871871948242, "Co1Li2Mn2O6": -1.9458649158477783, "Co2Li4Mn1O7": -1.9980504512786865, "Fe4Li4Mn5O18": -2.1055901050567627, "Cu3Li9Mn12O32": -2.022228717803955, "Cu1Li4Mn5O12": -2.0242841243743896, "Li8Mn12Ni4O31": -2.021376132965088, "Cu1Li3Mn2O6": -1.9335801601409912, "Fe5Li4Mn3O16": -2.0592615604400635, "Co2Li3Mn5O12": -1.9777638912200928, "Co3Li5Mn2O10": -1.9412763118743896, "Li4Mn5Ni2O12": -1.8488545417785645, "Fe5Li4Mn1O12": -2.001608371734619, "Co5Li9Mn2O16": -1.9790809154510498, "Co2Li3Mn1O6": -1.9412763118743896, "Cu1Li2Mn3O8": -1.986886978149414, "Co3Li4Mn5O16": -1.9974477291107178, "Li5Mn3Ni2O10": -1.9186789989471436, "Co3Li4Mn3O12": -1.9290080070495605, "Co2Li3Mn2O8": -1.903545618057251, "Cu2Li4Mn5O12": -1.8615148067474365, "Co3Li4Mn2O10": -1.9194645881652832, "Li2Mn1Ni1O4": -1.8538763523101807, "Co3Li4Mn1O8": -1.8896903991699219, "Li2Mn2Ni1O6": -1.9205322265625, "Li3Mn5Ni2O12": -1.9121191501617432, "Fe3Li2Mn3O12": -2.117947816848755, "Li6Mn5Ni3O16": -1.901723861694336, "Co1Li1Mn1O4": -1.9881806373596191, "Cu5Li7Mn12O32": -1.868027925491333, "Cu1Li2Mn1O4": -1.9247016906738281, "Cu2Li3Mn5O12": -1.8782434463500977, "Co3Li3Mn1O8": -1.8436293601989746, "Co5Li5Mn2O12": -1.7864274978637695, "Co3Li7Mn3O16": -2.053478717803955,