{"mae": {"mean": 0.48290752054144936, "std": 0.020834145224662648}}