{"mae": {"mean": 0.3225657439850926, "std": 0.0016040898700880463}}