{"mae": {"mean": 0.2491399801232534, "std": 0.0018635655912575266}}