{"mae": {"mean": 0.2415250522626216, "std": 0.001106539599874651}}