{"mae": {"mean": 0.23314410743656314, "std": 0.0017572636492906872}}