{"Co1Li1Mn1O4": 0.0593813955783844, "Co1Li1Mn2O6": 0.06787198781967163, "Co1Li2Mn1O4": 0.05200773477554321, "Co1Li2Mn2O6": 0.05527937412261963, "Co1Li2Mn2O8": 0.06295835971832275, "Co1Li2Mn3O8": 0.05938729643821716, "Co1Li3Mn1O5": 0.052365899085998535, "Co1Li3Mn2O6": 0.05250224471092224, "Co1Li3Mn3O8": 0.05564931035041809, "Co1Li3Mn4O8": 0.0516415536403656, "Co1Li4Mn3O8": 0.05196985602378845, "Co1Li4Mn5O12": 0.05564931035041809, "Co1Li5Mn2O8": 0.04375681281089783, "Co1Li5Mn5O12": 0.0531981885433197, "Co1Li6Mn3O10": 0.05003759264945984, "Co1Li6Mn5O12": 0.05196985602378845, "Co1Li7Mn4O12": 0.05128571391105652, "Co2Li1Mn2O8": 0.06931158900260925, "Co2Li2Mn1O6": 0.0541815459728241, "Co2Li3Mn1O6": 0.052598655223846436, "Co2Li3Mn2O8": 0.05527937412261963, "Co2Li3Mn5O12": 0.05785495042800903, "Co2Li4Mn1O7": 0.05243620276451111, "Co2Li5Mn1O8": 0.045779675245285034, "Co2Li5Mn3O10": 0.05250224471092224, "Co2Li5Mn5O12": 0.051516979932785034, "Co3Li1Mn1O8": 0.06931158900260925, "Co3Li2Mn1O8": 0.057280659675598145, "Co3Li2Mn3O12": 0.06771016120910645, "Co3Li3Mn1O8": 0.05477246642112732, "Co3Li4Mn1O8": 0.052598655223846436, "Co3Li4Mn2O10": 0.052703678607940674, "Co3Li4Mn3O12": 0.05527937412261963, "Co3Li4Mn5O16": 0.05938729643821716, "Co3Li5Mn2O10": 0.052598655223846436, "Co3Li7Mn2O12": 0.052560776472091675, "Co3Li7Mn3O16": 0.05673098564147949, "Co4Li3Mn1O8": 0.05212631821632385, "Co5Li4Mn1O12": 0.05757156014442444, "Co5Li4Mn2O12": 0.05331301689147949, "Co5Li4Mn3O16": 0.057280659675598145, "Co5Li5Mn2O12": 0.04989910125732422, "Co5Li9Mn2O16": 0.05243620276451111, "Cr11Li24Mn1O36": 0.044282764196395874, "Cr11Li32Mn5O48": 0.044282764196395874, "Cr12Li9Mn7O48": 0.06157931685447693, "Cr13Li32Mn3O48": 0.044282764196395874, "Cr1Li1Mn1O4": 0.05700346827507019, "Cr1Li1Mn3O8": 0.06625059247016907, "Cr1Li24Mn11O36": 0.049615055322647095, "Cr1Li2Mn1O4": 0.04509103298187256, "Cr1Li2Mn2O6": 0.055089741945266724, "Cr1Li2Mn3O8": 0.05700346827507019, "Cr1Li3Mn2O6": 0.04509103298187256, "Cr1Li3Mn3O8": 0.055089741945266724, "Cr1Li3Mn4O8": 0.05132734775543213, "Cr1Li4Mn1O6": 0.05151894688606262, "Cr1Li4Mn3O8": 0.04509103298187256, "Cr1Li5Mn2O8": 0.04910236597061157, "Cr1Li8Mn15O32": 0.056878894567489624, "Cr1Li8Mn3O12": 0.049615055322647095, "Cr2Li1Mn1O6": 0.06669020652770996, "Cr2Li1Mn2O8": 0.06625059247016907, "Cr2Li2Mn1O6": 0.048362672328948975, "Cr2Li3Mn1O6": 0.04561108350753784, "Cr2Li3Mn2O8": 0.048362672328948975, "Cr2Li3Mn5O12": 0.05700346827507019, "Cr2Li4Mn3O10": 0.04578697681427002, "Cr2Li4Mn5O12": 0.05251404643058777, "Cr2Li5Mn3O10": 0.04509103298187256, "Cr2Li5Mn5O12": 0.05132734775543213, "Cr3Li2Mn1O8": 0.049538224935531616, "Cr3Li2Mn2O12": 0.06191450357437134, "Cr3Li2Mn3O12": 0.06839737296104431, "Cr3Li32Mn13O48": 0.049615055322647095, "Cr3Li3Mn1O8": 0.048362672328948975, "Cr3Li3Mn5O16": 0.06294664740562439, "Cr3Li4Mn1O8": 0.04561108350753784, "Cr3Li4Mn3O12": 0.04830864071846008, "Cr3Li4Mn5O16": 0.05700346827507019, "Cr3Li5Mn1O8": 0.04658317565917969, "Cr3Li8Mn13O32": 0.056878894567489624, "Cr3Li8Mn1O12": 0.044282764196395874, "Cr4Li3Mn1O8": 0.04460027813911438, "Cr5Li10Mn3O16": 0.04658317565917969, "Cr5Li24Mn7O36": 0.05151894688606262, "Cr5Li32Mn11O48": 0.05151894688606262, "Cr5Li4Mn1O12": 0.048362672328948975, "Cr5Li4Mn3O16": 0.05022236704826355, "Cr6Li7Mn10O32": 0.060611069202423096, "Cr7Li24Mn5O36": 0.05151894688606262, "Cu1Li1Mn1O4": 0.05777537822723389, "Cu1Li2Mn1O4": 0.041492581367492676, "Cu1Li2Mn2O6": 0.05430611968040466, "Cu1Li2Mn3O8": 0.05828946828842163, "Cu1Li3Mn2O6": 0.0418318510055542, "Cu1Li3Mn4O8": 0.049859583377838135, "Cu1Li4Mn3O8": 0.044134676456451416, "Cu1Li4Mn5O12": 0.055403947830200195, "Cu2Li1Mn5O12": 0.06997638940811157, "Cu2Li2Mn5O12": 0.06538704037666321, "Cu2Li3Mn1O6": 0.0411013662815094, "Cu2Li3Mn5O12": 0.0584140419960022, "Cu2Li4Mn5O12": 0.052753448486328125, "Cu3Li16Mn15O36": 0.05162405967712402, "Cu3Li2Mn1O8": 0.05547600984573364, "Cu3Li3Mn1O8": 0.044740378856658936, "Cu3Li4Mn1O8": 0.0411013662815094, "Cu3Li4Mn2O10": 0.04216468334197998, "Cu3Li4Mn5O16": 0.0584140419960022, "Cu3Li5Mn2O10": 0.0411013662815094, "Cu3Li9Mn12O32": 0.05527937412261963, "Cu5Li5Mn2O12": 0.04097798466682434, "Cu5Li7Mn12O32": 0.060625046491622925, "Fe11Li5Mn8O32": 0.06426423788070679, "Fe17Li5Mn2O32": 0.06999728083610535, "Fe1Li1Mn1O4": 0.05951187014579773, "Fe1Li2Mn1O4": 0.05111294984817505, "Fe1Li2Mn2O6": 0.055089741945266724, "Fe1Li2Mn3O8": 0.05700346827507019, "Fe1Li3Mn2O6": 0.05111294984817505, "Fe1Li3Mn3O8": 0.055089741945266724, "Fe1Li3Mn4O8": 0.05095741152763367, "Fe1Li3Mn5O12": 0.056878894567489624, "Fe1Li4Mn3O8": 0.05111294984817505, "Fe1Li4Mn5O12": 0.05577388405799866, "Fe1Li6Mn5O12": 0.05128571391105652, "Fe2Li1Mn3O8": 0.06426423788070679, "Fe2Li2Mn1O6": 0.05454704165458679, "Fe2Li2Mn5O12": 0.06523749232292175, "Fe2Li3Mn1O6": 0.05164533853530884, "Fe2Li3Mn2O8": 0.054916977882385254, "Fe2Li3Mn3O10": 0.05577388405799866, "Fe2Li3Mn4O12": 0.05700346827507019, "Fe2Li3Mn5O12": 0.05663353204727173, "Fe2Li4Mn3O10": 0.0523412823677063, "Fe2Li4Mn5O12": 0.05214411020278931, "Fe2Li5Mn3O10": 0.05111294984817505, "Fe2Li5Mn5O12": 0.05132734775543213, "Fe2Li6Mn1O6": 0.04852893948554993, "Fe3Li10Mn5O16": 0.05229964852333069, "Fe3Li12Mn2O16": 0.04988965392112732, "Fe3Li1Mn2O8": 0.06426423788070679, "Fe3Li2Mn1O8": 0.058827728033065796, "Fe3Li2Mn3O12": 0.06678006052970886, "Fe3Li3Mn1O8": 0.05454704165458679, "Fe3Li4Mn1O8": 0.05164533853530884, "Fe3Li4Mn3O12": 0.055089741945266724, "Fe3Li4Mn5O16": 0.05700346827507019, "Fe3Li5Mn2O10": 0.05111294984817505, "Fe3Li5Mn7O20": 0.05700346827507019, "Fe3Li8Mn13O32": 0.056878894567489624, "Fe3Li8Mn1O12": 0.04449355602264404, "Fe3Li8Mn6O18": 0.0523412823677063, "Fe4Li3Mn1O8": 0.05610400438308716, "Fe4Li4Mn5O18": 0.06171169877052307, "Fe5Li4Mn1O12": 0.05454704165458679, "Fe5Li4Mn3O16": 0.05951187014579773, "Fe5Li5Mn2O12": 0.0507846474647522, "Li10Mn3O16V5": 0.05634322762489319, "Li10Mn5O16Ti3": 0.05570307374000549, "Li11Mn12O32Ti4": 0.05559784173965454, "Li1Mn1Ni1O4": 0.0584140419960022, "Li1Mn1O4Ti1": 0.054714202880859375, "Li1Mn1O4V1": 0.054176896810531616, "Li1Mn2Ni1O6": 0.06568223237991333, "Li1Mn3Ni1O8": 0.06766453385353088, "Li1Mn3Ni2O8": 0.0653548538684845, "Li1Mn3O10Ti2": 0.06475830078125, "Li1Mn3O8Ti1": 0.06201764941215515, "Li2Mn1Ni1O4": 0.04937151074409485, "Li2Mn1Ni2O6": 0.053591758012771606, "Li2Mn1Ni3O8": 0.05107077956199646, "Li2Mn1O12V5": 0.0566616952419281, "Li2Mn1O4Ti1": 0.055370986461639404, "Li2Mn1O4V1": 0.05184662342071533, "Li2Mn1O6V2": 0.05231720209121704, "Li2Mn1O8Ti3": 0.05463099479675293, "Li2Mn1O8V3": 0.052960366010665894, "Li2Mn2Ni1O6": 0.055403947830200195, "Li2Mn2O12V3": 0.05774194002151489, "Li2Mn2O5Ti1": 0.051835447549819946, "Li2Mn2O6Ti1": 0.053622275590896606, "Li2Mn3Ni1O8": 0.05938729643821716, "Li2Mn3O10Ti2": 0.058107614517211914, "Li2Mn3O8Ti1": 0.054154664278030396, "Li2Mn3O8V1": 0.054176896810531616, "Li2Mn5O12Ti2": 0.051842838525772095, "Li3Mn1Ni2O6": 0.048273682594299316, "Li3Mn1Ni3O8": 0.045659393072128296, "Li3Mn1Ni4O8": 0.0618041455745697, "Li3Mn1O12Ti4": 0.06266316771507263, "Li3Mn1O12V4": 0.05819550156593323, "Li3Mn1O6Ti2": 0.06013065576553345, "Li3Mn1O6V2": 0.053606778383255005, "Li3Mn1O8V3": 0.054292768239974976, "Li3Mn1O8V4": 0.048990845680236816, "Li3Mn2Ni1O6": 0.051448166370391846, "Li3Mn2Ni2O8": 0.051884591579437256, "Li3Mn2Ni5O12": 0.05440175533294678, "Li3Mn2O12V3": 0.05552339553833008, "Li3Mn2O12V5": 0.053391218185424805, "Li3Mn2O6Ti1": 0.05275622010231018, "Li3Mn2O6V1": 0.05154117941856384, "Li3Mn3Ni1O8": 0.05471980571746826, "Li3Mn3O10Ti2": 0.053622275590896606, "Li3Mn3O8Ti1": 0.05559784173965454, "Li3Mn4Ni1O8": 0.05095741152763367, "Li3Mn4O8Ti1": 0.0524924099445343, "Li3Mn4O8V1": 0.05047634243965149, "Li3Mn5Ni2O12": 0.05688169598579407, "Li3Mn5O12Ti2": 0.054154664278030396, "Li4Mn1Ni3O8": 0.04788246750831604, "Li4Mn1Ni4O10": 0.042692482471466064, "Li4Mn1Ni5O12": 0.05591115355491638, "Li4Mn1O12V3": 0.05874660611152649, "Li4Mn1O8Ti3": 0.06072703003883362,