{"Co1Li1Mn1O4": -1.752335548400879, "Co1Li1Mn2O6": -1.7738592624664307, "Co1Li2Mn1O4": -1.9089993238449097, "Co1Li2Mn2O6": -1.9212441444396973, "Co1Li2Mn2O8": -1.6631027460098267, "Co1Li2Mn3O8": -1.9083869457244873, "Co1Li3Mn1O5": -1.925236701965332, "Co1Li3Mn2O6": -1.9707468748092651, "Co1Li3Mn3O8": -1.9745501279830933, "Co1Li3Mn4O8": -1.9681243896484375, "Co1Li4Mn3O8": -2.0075531005859375, "Co1Li4Mn5O12": -2.000257730484009, "Co1Li5Mn2O8": -1.9819908142089844, "Co1Li5Mn5O12": -2.032458782196045, "Co1Li6Mn3O10": -2.021515369415283, "Co1Li6Mn5O12": -2.043457508087158, "Co1Li7Mn4O12": -2.0430657863616943, "Co2Li1Mn2O8": -1.5883949995040894, "Co2Li2Mn1O6": -1.7384651899337769, "Co2Li3Mn1O6": -1.8455290794372559, "Co2Li3Mn2O8": -1.8739862442016602, "Co2Li3Mn5O12": -1.9219591617584229, "Co2Li4Mn1O7": -1.878515601158142, "Co2Li5Mn1O8": -1.8807175159454346, "Co2Li5Mn3O10": -1.9418082237243652, "Co2Li5Mn5O12": -1.952765703201294, "Co3Li1Mn1O8": -1.451622724533081, "Co3Li2Mn1O8": -1.5886080265045166, "Co3Li2Mn3O12": -1.6465072631835938, "Co3Li3Mn1O8": -1.7392208576202393, "Co3Li4Mn1O8": -1.792320966720581, "Co3Li4Mn2O10": -1.8371714353561401, "Co3Li4Mn3O12": -1.845376968383789, "Co3Li4Mn5O16": -1.85078763961792, "Co3Li5Mn2O10": -1.878430962562561, "Co3Li7Mn2O12": -1.8969624042510986, "Co3Li7Mn3O16": -1.8454649448394775, "Co4Li3Mn1O8": -1.6462788581848145, "Co5Li4Mn1O12": -1.615708827972412, "Co5Li4Mn2O12": -1.7222708463668823, "Co5Li4Mn3O16": -1.6786727905273438, "Co5Li5Mn2O12": -1.7454196214675903, "Co5Li9Mn2O16": -1.8576399087905884, "Cr11Li24Mn1O36": -2.1961026191711426, "Cr11Li32Mn5O48": -2.154118299484253, "Cr12Li9Mn7O48": -1.938106894493103, "Cr13Li32Mn3O48": -2.1764068603515625, "Cr1Li1Mn1O4": -2.138303756713867, "Cr1Li1Mn3O8": -1.9691309928894043, "Cr1Li24Mn11O36": -2.089677333831787, "Cr1Li2Mn1O4": -2.2226388454437256, "Cr1Li2Mn2O6": -2.1409645080566406, "Cr1Li2Mn3O8": -2.088301181793213, "Cr1Li3Mn2O6": -2.1673078536987305, "Cr1Li3Mn3O8": -2.1335341930389404, "Cr1Li3Mn4O8": -2.111588954925537, "Cr1Li4Mn1O6": -2.1259472370147705, "Cr1Li4Mn3O8": -2.140341281890869, "Cr1Li5Mn2O8": -2.1332249641418457, "Cr1Li8Mn15O32": -2.048966646194458, "Cr1Li8Mn3O12": -2.1047792434692383, "Cr2Li1Mn1O6": -2.0825557708740234, "Cr2Li1Mn2O8": -2.0207862854003906, "Cr2Li2Mn1O6": -2.213108777999878, "Cr2Li3Mn1O6": -2.257444143295288, "Cr2Li3Mn2O8": -2.2007546424865723, "Cr2Li3Mn5O12": -2.1509900093078613, "Cr2Li4Mn3O10": -2.1771998405456543, "Cr2Li4Mn5O12": -2.1541941165924072, "Cr2Li5Mn3O10": -2.1900763511657715, "Cr2Li5Mn5O12": -2.1430909633636475, "Cr3Li2Mn1O8": -2.1705939769744873, "Cr3Li2Mn2O12": -1.9423596858978271, "Cr3Li2Mn3O12": -2.0656304359436035, "Cr3Li32Mn13O48": -2.098430633544922, "Cr3Li3Mn1O8": -2.2454278469085693, "Cr3Li3Mn5O16": -2.067389726638794, "Cr3Li4Mn1O8": -2.271740198135376, "Cr3Li4Mn3O12": -2.179583787918091, "Cr3Li4Mn5O16": -2.109447717666626, "Cr3Li5Mn1O8": -2.2396819591522217, "Cr3Li8Mn13O32": -2.074288845062256, "Cr3Li8Mn1O12": -2.1653945446014404, "Cr4Li3Mn1O8": -2.2304325103759766, "Cr5Li10Mn3O16": -2.217703104019165, "Cr5Li24Mn7O36": -2.1185550689697266, "Cr5Li32Mn11O48": -2.110589027404785, "Cr5Li4Mn1O12": -2.2377450466156006, "Cr5Li4Mn3O16": -2.152193307876587, "Cr6Li7Mn10O32": -2.091754674911499, "Cr7Li24Mn5O36": -2.1362528800964355, "Cu1Li1Mn1O4": -1.56098210811615, "Cu1Li2Mn1O4": -1.7922261953353882, "Cu1Li2Mn2O6": -1.8472743034362793, "Cu1Li2Mn3O8": -1.8495901823043823, "Cu1Li3Mn2O6": -1.904656171798706, "Cu1Li3Mn4O8": -1.9305548667907715, "Cu1Li4Mn3O8": -1.9412261247634888, "Cu1Li4Mn5O12": -1.9502379894256592, "Cu2Li1Mn5O12": -1.7098816633224487, "Cu2Li2Mn5O12": -1.7989089488983154, "Cu2Li3Mn1O6": -1.61268150806427, "Cu2Li3Mn5O12": -1.8587796688079834, "Cu2Li4Mn5O12": -1.889142394065857, "Cu3Li16Mn15O36": -1.9862568378448486, "Cu3Li2Mn1O8": -1.3141738176345825, "Cu3Li3Mn1O8": -1.4729777574539185, "Cu3Li4Mn1O8": -1.5577548742294312, "Cu3Li4Mn2O10": -1.6037920713424683, "Cu3Li4Mn5O16": -1.7293767929077148, "Cu3Li5Mn2O10": -1.685737133026123, "Cu3Li9Mn12O32": -1.8834002017974854, "Cu5Li5Mn2O12": -1.5259653329849243, "Cu5Li7Mn12O32": -1.8019551038742065, "Fe11Li5Mn8O32": -1.9387186765670776, "Fe17Li5Mn2O32": -1.8573764562606812, "Fe1Li1Mn1O4": -1.9225306510925293, "Fe1Li2Mn1O4": -2.045335054397583, "Fe1Li2Mn2O6": -2.018979787826538, "Fe1Li2Mn3O8": -1.9804198741912842, "Fe1Li3Mn2O6": -2.0589590072631836, "Fe1Li3Mn3O8": -2.0531599521636963, "Fe1Li3Mn4O8": -2.0110082626342773, "Fe1Li3Mn5O12": -2.0003654956817627, "Fe1Li4Mn3O8": -2.0657756328582764, "Fe1Li4Mn5O12": -2.0516676902770996, "Fe1Li6Mn5O12": -2.073587417602539, "Fe2Li1Mn3O8": -1.9647068977355957, "Fe2Li2Mn1O6": -1.9534918069839478, "Fe2Li2Mn5O12": -1.9801790714263916, "Fe2Li3Mn1O6": -2.0270769596099854, "Fe2Li3Mn2O8": -2.0140631198883057, "Fe2Li3Mn3O10": -1.9852114915847778, "Fe2Li3Mn4O12": -1.9615250825881958, "Fe2Li3Mn5O12": -2.0125436782836914, "Fe2Li4Mn3O10": -2.039095640182495, "Fe2Li4Mn5O12": -2.0221669673919678, "Fe2Li5Mn3O10": -2.052973747253418, "Fe2Li5Mn5O12": -2.02093768119812, "Fe2Li6Mn1O6": -1.9372518062591553, "Fe3Li10Mn5O16": -2.0361287593841553, "Fe3Li12Mn2O16": -1.976058006286621, "Fe3Li1Mn2O8": -1.9319278001785278, "Fe3Li2Mn1O8": -1.8597047328948975, "Fe3Li2Mn3O12": -1.8480674028396606, "Fe3Li3Mn1O8": -1.9693175554275513, "Fe3Li4Mn1O8": -2.0168864727020264, "Fe3Li4Mn3O12": -1.989095687866211, "Fe3Li4Mn5O16": -1.9512439966201782, "Fe3Li5Mn2O10": -2.034529685974121, "Fe3Li5Mn7O20": -1.9691306352615356, "Fe3Li8Mn13O32": -1.9954642057418823, "Fe3Li8Mn1O12": -1.9403035640716553, "Fe3Li8Mn6O18": -2.059352397918701, "Fe4Li3Mn1O8": -1.9417083263397217, "Fe4Li4Mn5O18": -1.9124010801315308, "Fe5Li4Mn1O12": -1.915175437927246, "Fe5Li4Mn3O16": -1.8917982578277588, "Fe5Li5Mn2O12": -1.9750487804412842, "Li10Mn3O16V5": -2.324162483215332, "Li10Mn5O16Ti3": -2.4964966773986816, "Li11Mn12O32Ti4": -2.4175572395324707, "Li1Mn1Ni1O4": -1.551896572113037, "Li1Mn1O4Ti1": -2.707697629928589, "Li1Mn1O4V1": -2.3175947666168213, "Li1Mn2Ni1O6": -1.6279516220092773, "Li1Mn3Ni1O8": -1.673915982246399, "Li1Mn3Ni2O8": -1.6246123313903809, "Li1Mn3O10Ti2": -2.5198917388916016, "Li1Mn3O8Ti1": -2.342449426651001, "Li2Mn1Ni1O4": -1.7724405527114868, "Li2Mn1Ni2O6": -1.4760124683380127, "Li2Mn1Ni3O8": -1.2724089622497559, "Li2Mn1O12V5": -2.389972448348999, "Li2Mn1O4Ti1": -2.6580982208251953, "Li2Mn1O4V1": -2.3166425228118896, "Li2Mn1O6V2": -2.3645200729370117, "Li2Mn1O8Ti3": -3.0420475006103516, "Li2Mn1O8V3": -2.3818411827087402, "Li2Mn2Ni1O6": -1.8530535697937012, "Li2Mn2O12V3": -2.224006414413452, "Li2Mn2O5Ti1": -2.5105178356170654, "Li2Mn2O6Ti1": -2.5105764865875244, "Li2Mn3Ni1O8": -1.8557592630386353, "Li2Mn3O10Ti2": -2.569969654083252, "Li2Mn3O8Ti1": -2.4023189544677734, "Li2Mn3O8V1": -2.1639747619628906, "Li2Mn5O12Ti2": -2.495950698852539, "Li3Mn1Ni2O6": -1.6010266542434692, "Li3Mn1Ni3O8": -1.4332804679870605, "Li3Mn1Ni4O8": -1.3897333145141602, "Li3Mn1O12Ti4": -2.915984869003296, "Li3Mn1O12V4": -2.3628787994384766, "Li3Mn1O6Ti2": -2.771749973297119, "Li3Mn1O6V2": -2.355839729309082, "Li3Mn1O8V3": -2.3851711750030518, "Li3Mn1O8V4": -2.34820556640625, "Li3Mn2Ni1O6": -1.9022172689437866, "Li3Mn2Ni2O8": -1.7026286125183105, "Li3Mn2Ni5O12": -1.3460296392440796, "Li3Mn2O12V3": -2.2900469303131104, "Li3Mn2O12V5": -2.369098663330078, "Li3Mn2O6Ti1": -2.4963014125823975, "Li3Mn2O6V1": -2.251739740371704, "Li3Mn3Ni1O8": -1.9215599298477173, "Li3Mn3O10Ti2": -2.5884406566619873, "Li3Mn3O8Ti1": -2.416503667831421, "Li3Mn4Ni1O8": -1.9311696290969849, "Li3Mn4O8Ti1": -2.3552162647247314, "Li3Mn4O8V1": -2.1645026206970215, "Li3Mn5Ni2O12": -1.866443395614624, "Li3Mn5O12Ti2": -2.4951658248901367, "Li4Mn1Ni3O8": -1.5296944379806519, "Li4Mn1Ni4O10": -1.4102407693862915, "Li4Mn1Ni5O12": -1.2924190759658813, "Li4Mn1O12V3": -2.2233259677886963, "Li4Mn1O8Ti3": -2.8106374740600586, "Li4Mn1O8V3": -2.372541666030884, "Li4Mn2Ni3O10": -1.6029138565063477, "Li4Mn2Ni5O12": -1.443481683731079,