{"Li5Mn5Ni2O12": -0.13192114233970642, "Li4Mn3O8V1": -0.07781647890806198, "Co1Li1Mn1O4": -0.7861849665641785, "Li5Mn3O10Ti2": -0.41203683614730835, "Li4Mn1Ni4O10": -0.09664835780858994, "Li3Mn1Ni2O6": 0.08287154138088226, "Cr2Li4Mn5O12": -0.905900776386261, "Cr1Li24Mn11O36": -0.8622760772705078, "Cu1Li2Mn3O8": -1.9412673711776733, "Li2Mn1O6V2": -0.04108395427465439, "Co1Li2Mn2O8": -1.823087453842163, "Cr3Li2Mn1O8": -1.736456274986267, "Co1Li3Mn3O8": -0.4811078906059265, "Li3Mn4Ni1O8": -0.19496431946754456, "Co3Li4Mn1O8": -0.7494966387748718, "Li8Mn7O30Ti6": 0.10248562693595886, "Li4Mn3Ni1O8": -0.20126426219940186, "Fe3Li12Mn2O16": -1.8785345554351807, "Co2Li5Mn5O12": -1.9321956634521484, "Li5Mn3O10V2": -1.5825402736663818, "Co5Li9Mn2O16": -0.33225181698799133, "Cu2Li4Mn5O12": -0.31438350677490234, "Cu1Li2Mn2O6": -0.5721867084503174, "Li2Mn1O4Ti1": -0.42692112922668457, "Co1Li3Mn4O8": -0.8691239953041077, "Fe2Li4Mn5O12": -1.5239243507385254, "Cr2Li3Mn5O12": -1.7112445831298828, "Cu1Li1Mn1O4": -0.9893026351928711, "Fe2Li3Mn3O10": 0.124008908867836, "Li4Mn1Ni3O8": -1.4755651950836182, "Cr1Li1Mn3O8": -1.8375358581542969, "Co4Li3Mn1O8": -0.4413496255874634, "Cu3Li4Mn2O10": -0.5038971900939941, "Li4Mn8O18Ti1": -0.36360815167427063, "Li4Mn3O8Ti1": -0.04099484533071518, "Cr1Li8Mn3O12": 0.11599965393543243, "Li2Mn2Ni1O6": -1.5670746564865112, "Li4Mn2O12V5": -1.6863329410552979, "Co2Li1Mn2O8": -0.2582554221153259, "Li4Mn5O12Ti2": -0.11305642127990723, "Li2Mn3Ni1O8": -0.0013875216245651245, "Co1Li1Mn2O6": -1.0369833707809448, "Cr1Li4Mn1O6": -0.6690325140953064, "Co3Li1Mn1O8": -1.7053861618041992, "Cr12Li9Mn7O48": -0.07960201799869537, "Li4Mn4O18Ti5": -0.369977742433548, "Li3Mn5O12Ti2": -1.4544358253479004, "Cu3Li9Mn12O32": -1.644149899482727, "Cr11Li24Mn1O36": -0.25364649295806885, "Li4Mn5O16Ti3": 0.14096488058567047, "Fe2Li5Mn5O12": 0.04801751673221588, "Co2Li3Mn1O6": -1.9537594318389893, "Li2Mn2O12V3": 0.0590430349111557, "Co3Li2Mn3O12": -0.09177152067422867, "Fe2Li5Mn3O10": -0.9872965812683105, "Fe3Li2Mn1O8": -1.904485821723938, "Li5Mn2Ni5O12": -1.5659425258636475, "Li3Mn2O12V5": 0.20226876437664032, "Cr6Li7Mn10O32": -1.2524046897888184, "Cr13Li32Mn3O48": -1.0249123573303223, "Fe5Li4Mn3O16": -0.1350666880607605, "Cu1Li4Mn5O12": -0.32274600863456726, "Cr3Li4Mn3O12": -0.24057479202747345, "Fe2Li3Mn5O12": -0.1673271209001541, "Co2Li4Mn1O7": -0.46598535776138306, "Cr2Li3Mn2O8": -1.592515468597412, "Fe2Li1Mn3O8": 0.0007139593362808228, "Cr1Li3Mn3O8": -1.0491118431091309, "Li5Mn5O12Ti2": -2.166673421859741, "Co3Li4Mn3O12": -0.1943630874156952, "Li3Mn3Ni1O8": -0.34766435623168945, "Li5Mn9O20Ti1": -1.3499919176101685, "Cr2Li5Mn3O10": 0.0756608098745346, "Fe1Li4Mn5O12": -0.20922940969467163, "Co3Li5Mn2O10": -0.5872591137886047, "Li3Mn1Ni3O8": 0.1289779394865036, "Co1Li5Mn2O8": 0.009121239185333252, "Li3Mn1O8V3": -1.8015462160110474, "Fe1Li2Mn1O4": -0.7044318914413452, "Fe1Li4Mn3O8": -0.6106933951377869, "Li8Mn15Ni1O32": 0.026454463601112366, "Li1Mn1Ni1O4": -0.015350855886936188, "Li7Mn12O32Ti5": -1.698990821838379, "Co5Li4Mn3O16": -1.6770787239074707, "Cr1Li2Mn2O6": -0.5695993304252625, "Li1Mn3O10Ti2": -0.7609667778015137, "Co1Li5Mn5O12": -0.3277204632759094, "Li9Mn7O48V12": -1.7935163974761963, "Co1Li7Mn4O12": -0.3104794919490814, "Fe1Li2Mn3O8": -0.27404648065567017, "Fe2Li3Mn4O12": -1.098271131515503, "Co5Li4Mn2O12": -0.1837257593870163, "Li3Mn1O6Ti2": -1.7149189710617065, "Fe3Li5Mn2O10": -0.0460401326417923, "Li3Mn2O6V1": -0.8518480062484741, "Li4Mn5O12Ti1": -0.35600095987319946, "Li5Mn1O8V3": -0.34818291664123535, "Li5Mn5O12V2": -2.136502981185913, "Li2Mn5O12Ti2": -1.0027408599853516, "Fe4Li4Mn5O18": -1.5278993844985962, "Co1Li2Mn3O8": 0.07861141860485077, "Fe1Li3Mn4O8": -0.05648559331893921, "Cu2Li3Mn1O6": -1.6405752897262573, "Li4Mn3O16V5": -0.17935697734355927, "Li2Mn3O10Ti2": -1.6773017644882202, "Fe2Li2Mn5O12": 0.004857078194618225, "Fe1Li3Mn2O6": 0.06934817135334015, "Li4Mn1O8Ti3": -1.7207634449005127, "Fe2Li4Mn3O10": -0.6509966254234314, "Li2Mn1O8V3": 0.013973638415336609, "Li1Mn1O4V1": -0.6472473740577698, "Li3Mn1Ni4O8": -0.08025970309972763, "Co2Li5Mn3O10": -0.9466582536697388, "Li10Mn3O16V5": -0.4477858543395996, "Cr2Li3Mn1O6": -1.2023781538009644, "Cu2Li1Mn5O12": -0.7763813734054565, "Co1Li3Mn1O5": 0.06666149199008942, "Cr3Li4Mn1O8": -0.4119842052459717, "Li2Mn2O6Ti1": -1.705052375793457, "Li6Mn5Ni3O16": -1.8363196849822998, "Li3Mn2Ni2O8": 0.04978053271770477, "Li4Mn7O18Ti2": -0.7946252226829529, "Co3Li3Mn1O8": -1.476358413696289, "Cr5Li4Mn1O12": -0.562408447265625, "Cr3Li3Mn1O8": -0.20870479941368103, "Li4Mn3O16Ti5": -0.2985076904296875, "Co1Li2Mn2O6": -1.6335629224777222, "Cr3Li3Mn5O16": -0.0960889458656311, "Fe3Li10Mn5O16": -0.024434328079223633, "Li2Mn3O8V1": -0.26367616653442383, "Li4Mn5O18Ti4": -1.6734508275985718, "Fe3Li4Mn5O16": 0.17728133499622345, "Cu5Li5Mn2O12": -1.7227805852890015, "Li5Mn2O12V5": -1.8267191648483276, "Li2Mn2O5Ti1": -0.8146069645881653, "Li3Mn2O12V3": -1.104911208152771, "Co3Li7Mn3O16": -0.08206356316804886, "Co1Li4Mn3O8": -0.0732278898358345, "Li4Mn5O16V3": -1.8805996179580688, "Cu5Li7Mn12O32": 0.019451364874839783, "Li3Mn2Ni1O6": -0.013222858309745789, "Fe3Li5Mn7O20": -0.8477237820625305, "Fe2Li6Mn1O6": -1.447826623916626, "Cu3Li5Mn2O10": -1.685172200202942, "Li5Mn3O8Ti1": -1.5486419200897217, "Fe3Li2Mn3O12": -1.7107347249984741, "Fe1Li1Mn1O4": -0.35773274302482605, "Cr3Li2Mn2O12": 0.12425114214420319, "Li4Mn1Ni5O12": -0.2114080786705017, "Fe3Li4Mn1O8": -1.7554105520248413, "Fe5Li4Mn1O12": -0.19761782884597778, "Cr1Li3Mn4O8": -1.0083163976669312, "Fe4Li3Mn1O8": -0.8749457597732544, "Cr2Li5Mn5O12": -1.9241461753845215, "Co1Li4Mn5O12": -0.17943105101585388, "Li2Mn1O12V5": -1.0248113870620728, "Fe2Li3Mn1O6": 0.1430118829011917, "Li2Mn1O8Ti3": 0.14720149338245392, "Li3Mn4O8V1": 0.06756791472434998, "Cr2Li4Mn3O10": -1.4241411685943604, "Cr1Li1Mn1O4": -0.29427891969680786, "Li2Mn1O4V1": -0.5297942161560059, "Li5Mn2O10V3": -1.1414843797683716, "Cr5Li32Mn11O48": 0.02285422384738922, "Cu3Li2Mn1O8": -0.28774821758270264, "Co1Li3Mn2O6": -1.38150954246521, "Li4Mn6O18Ti3": -0.44447100162506104, "Li1Mn3Ni2O8": -0.5639556646347046, "Fe2Li2Mn1O6": -1.2638294696807861, "Cr5Li24Mn7O36": -0.03142562508583069, "Cr3Li8Mn1O12": -1.2961790561676025, "Co1Li6Mn5O12": -0.43350619077682495, "Co5Li5Mn2O12": -1.1462490558624268, "Li2Mn1Ni3O8": -0.2598108649253845, "Li1Mn1O4Ti1": -0.18807530403137207, "Cr2Li2Mn1O6": -1.6745089292526245, "Cr3Li32Mn13O48": -0.1824609637260437, "Fe3Li1Mn2O8": 0.09432472288608551, "Cr3Li2Mn3O12": -0.4889795184135437, "Li5Mn1Ni4O10": -0.19197964668273926, "Co2Li3Mn2O8": -2.1858599185943604, "Cu3Li4Mn5O16": -0.824547290802002, "Cu2Li2Mn5O12": -0.1806515008211136, "Co3Li4Mn2O10": -0.10146358609199524, "Cr5Li10Mn3O16": -1.1074154376983643, "Co3Li2Mn1O8": -0.6423677802085876, "Co5Li4Mn1O12": -1.6312204599380493, "Li3Mn3O10Ti2": -1.7852281332015991, "Cr1Li8Mn15O32": -1.456231951713562, "Cr3Li4Mn5O16": -0.7400984764099121, "Li3Mn1O6V2": -1.4083153009414673, "Cr1Li2Mn1O4": -1.8305631875991821, "Fe3Li8Mn1O12": -1.7057288885116577, "Cr3Li5Mn1O8": -1.8151259422302246, "Li3Mn1O12Ti4": -0.056938327848911285, "Fe1Li3Mn5O12": -0.5466942191123962, "Cu2Li3Mn5O12": 0.09568500518798828, "Fe17Li5Mn2O32": 0.0430309921503067, "Li3Mn1O8V4": -1.1399037837982178, "Cr3Li8Mn13O32": -0.46359121799468994, "Fe1Li3Mn3O8": -0.4980323314666748, "Li4Mn3Ni3O12": -1.8037625551223755, "Li3Mn2O6Ti1": -0.062176413834095, "Li4Mn2O12V3": -1.9754949808120728, "Fe1Li2Mn2O6": -0.09399180859327316, "Li8Mn3O12Ti1": -0.42055433988571167, "Co1Li2Mn1O4": -0.3675808608531952, "Li1Mn3Ni1O8": -0.09711472690105438, "Fe3Li8Mn13O32": -0.12435079365968704, "Li3Mn1O12V4": 0.026017501950263977, "Li3Mn3O8Ti1": 0.09204338490962982, "Co2Li5Mn1O8": -1.3731341361999512, "Cr2Li1Mn1O6": -1.8059576749801636, "Li5Mn3Ni2O10": -1.989441990852356, "Fe11Li5Mn8O32": -0.006116211414337158, "Cu3Li16Mn15O36": 0.013458892703056335, "Co3Li4Mn5O16": -1.2800719738006592,