{"Li2Mn1O8Ti3": -3.0014209747314453, "Li3Mn1O12Ti4": -3.016538619995117, "Li4Mn3O16Ti5": -2.864023447036743, "Li4Mn1O8Ti3": -2.7482428550720215, "Li3Mn1O6Ti2": -2.709143877029419, "Li4Mn4O18Ti5": -2.760058641433716, "Li1Mn1O4Ti1": -2.6727347373962402, "Li2Mn1O4Ti1": -2.5847699642181396, "Li5Mn3O10Ti2": -2.513071060180664, "Li4Mn3O10Ti2": -2.543910503387451, "Li4Mn5O18Ti4": -2.6052803993225098, "Li3Mn3O10Ti2": -2.5580785274505615, "Li4Mn5O16Ti3": -2.5345869064331055, "Li2Mn3O10Ti2": -2.5548651218414307, "Li2Mn2O5Ti1": -2.476914167404175, "Li8Mn7O30Ti6": -2.556319236755371, "Li1Mn3O10Ti2": -2.5268163681030273, "Li3Mn2O6Ti1": -2.4546058177948, "Li5Mn5O12Ti2": -2.4261562824249268, "Li2Mn2O6Ti1": -2.4869470596313477, "Li4Mn5O12Ti2": -2.4424405097961426, "Li7Mn12O32Ti5": -2.4589271545410156, "Li3Mn5O12Ti2": -2.4617786407470703, "Li4Mn6O18Ti3": -2.483405590057373, "Li2Mn1O8V3": -2.369281768798828, "Li10Mn5O16Ti3": -2.4573819637298584, "Li2Mn5O12Ti2": -2.4780564308166504, "Li4Mn3O8Ti1": -2.386530876159668, "Li3Mn3O8Ti1": -2.402488946914673, "Li2Mn3O8Ti1": -2.3990590572357178, "Li1Mn1O4V1": -2.2770462036132812, "Li4Mn1O8V3": -2.366485834121704, "Li11Mn12O32Ti4": -2.4048945903778076, "Li3Mn1O8V3": -2.3769474029541016, "Li3Mn1O12V4": -2.3619086742401123, "Li3Mn1O6V2": -2.347018241882324, "Li2Mn1O12V5": -2.3836092948913574, "Li4Mn2O12V5": -2.3619728088378906, "Li4Mn2O12V3": -2.3151516914367676, "Li3Mn4O8Ti1": -2.3383219242095947, "Li4Mn3O16V5": -2.3310155868530273, "Li5Mn2O12V5": -2.3474669456481934, "Li3Mn1O8V4": -2.351317882537842, "Li5Mn3O8Ti1": -2.3620800971984863, "Li3Mn2O12V5": -2.3704872131347656, "Li2Mn1O6V2": -2.354844331741333, "Cr3Li4Mn1O8": -2.226911783218384, "Li5Mn8O20Ti2": -2.3292579650878906, "Li5Mn2O10V3": -2.3303685188293457, "Li2Mn1O4V1": -2.298067092895508, "Li3Mn2O12V3": -2.268704652786255, "Cr3Li3Mn1O8": -2.235727310180664, "Li5Mn1O8V3": -2.341219902038574, "Li8Mn3O12Ti1": -2.305459976196289, "Li4Mn7O18Ti2": -2.352179527282715, "Li5Mn3O10V2": -2.2505950927734375, "Cr2Li3Mn1O6": -2.224575996398926, "Cr1Li2Mn1O4": -2.1821744441986084, "Li1Mn3O8Ti1": -2.3386988639831543, "Cr3Li2Mn1O8": -2.156825065612793, "Li10Mn3O16V5": -2.320019006729126, "Li3Mn2O6V1": -2.22977352142334, "Li4Mn5O16V3": -2.2386691570281982, "Li2Mn2O12V3": -2.221012592315674, "Cr11Li24Mn1O36": -2.1745781898498535, "Cr3Li5Mn1O8": -2.2104556560516357, "Li5Mn5O12V2": -2.2045247554779053, "Li4Mn5O12Ti1": -2.279085874557495, "Cr2Li2Mn1O6": -2.2040669918060303, "Cr1Li1Mn1O4": -2.094310998916626, "Cr11Li32Mn5O48": -2.1208443641662598, "Cr2Li5Mn3O10": -2.1404128074645996, "Cr4Li3Mn1O8": -2.232652187347412, "Li4Mn3O8V1": -2.1860454082489014, "Cr13Li32Mn3O48": -2.1460702419281006, "Li9Mn7O48V12": -2.216350793838501, "Cr1Li4Mn1O6": -2.0978548526763916, "Cr1Li4Mn3O8": -2.110611915588379, "Cr5Li24Mn7O36": -2.085108995437622, "Cr7Li24Mn5O36": -2.1080753803253174, "Cr5Li4Mn1O12": -2.234769582748413, "Li4Mn1O12V3": -2.243593215942383, "Cr1Li3Mn2O6": -2.1262974739074707, "Cr3Li4Mn3O12": -2.1392860412597656, "Cr3Li32Mn13O48": -2.052420139312744, "Cr5Li32Mn11O48": -2.0687906742095947, "Li2Mn3O8V1": -2.1327075958251953, "Cr1Li5Mn2O8": -2.0937812328338623, "Cr5Li4Mn3O16": -2.1239542961120605, "Li5Mn9O20Ti1": -2.1233091354370117, "Cr2Li3Mn2O8": -2.1602184772491455, "Cr5Li10Mn3O16": -2.188335657119751, "Cr1Li24Mn11O36": -2.0420985221862793, "Cr2Li5Mn5O12": -2.110487222671509, "Li3Mn4O8V1": -2.1229238510131836, "Cr2Li4Mn3O10": -2.136354446411133, "Cr2Li4Mn5O12": -2.1111974716186523, "Cr6Li7Mn10O32": -2.047562837600708, "Cr1Li3Mn4O8": -2.081427812576294, "Cr1Li2Mn3O8": -2.042959213256836, "Cr3Li8Mn1O12": -2.130584478378296, "Li4Mn8O18Ti1": -2.123919725418091, "Cr3Li4Mn5O16": -2.0735361576080322, "Cr1Li3Mn3O8": -2.098541498184204, "Cr3Li3Mn5O16": -2.007262706756592, "Cr3Li8Mn13O32": -2.03001070022583, "Fe1Li2Mn1O4": -2.033458948135376, "Fe2Li5Mn3O10": -2.034926176071167, "Cr1Li8Mn3O12": -2.059913158416748, "Cr1Li2Mn2O6": -2.101329803466797, "Cr2Li3Mn5O12": -2.1076738834381104, "Co1Li7Mn4O12": -1.9975788593292236, "Fe3Li4Mn1O8": -2.0164270401000977, "Fe2Li3Mn1O6": -2.026000499725342, "Cr2Li1Mn1O6": -2.060652732849121, "Co1Li6Mn3O10": -1.9778940677642822, "Fe2Li5Mn5O12": -2.0235793590545654, "Fe1Li6Mn5O12": -2.0479159355163574, "Fe1Li3Mn4O8": -2.0196216106414795, "Cr1Li8Mn15O32": -2.012035846710205, "Fe1Li3Mn5O12": -1.979742407798767, "Cr3Li2Mn3O12": -2.018145799636841, "Co1Li5Mn2O8": -1.9413831233978271, "Co1Li4Mn3O8": -1.9731532335281372, "Fe2Li4Mn5O12": -2.0292654037475586, "Fe2Li4Mn3O10": -2.0348219871520996, "Fe2Li3Mn4O12": -1.9561409950256348, "Fe3Li3Mn1O8": -1.9673415422439575, "Fe3Li8Mn13O32": -1.9776499271392822, "Fe1Li2Mn3O8": -1.971388816833496, "Fe3Li5Mn7O20": -1.9634748697280884, "Co1Li6Mn5O12": -2.004840135574341, "Fe1Li3Mn3O8": -2.035888433456421, "Fe1Li2Mn2O6": -2.0159711837768555, "Fe3Li5Mn2O10": -2.029574394226074, "Co1Li3Mn4O8": -1.9590688943862915, "Cr1Li1Mn3O8": -1.9187185764312744, "Li8Mn15Ni1O32": -1.9467556476593018, "Fe1Li1Mn1O4": -1.9163285493850708, "Fe2Li2Mn5O12": -1.9896159172058105, "Cr2Li1Mn2O8": -1.9578593969345093, "Co1Li3Mn2O6": -1.9427573680877686, "Fe3Li4Mn3O12": -1.998802661895752, "Fe2Li2Mn1O6": -1.956300973892212, "Fe3Li10Mn5O16": -2.0201151371002197, "Co1Li5Mn5O12": -1.9910212755203247, "Li4Mn3Ni1O8": -1.9131355285644531, "Fe2Li3Mn2O8": -2.0170912742614746, "Fe5Li5Mn2O12": -2.0023157596588135, "Fe1Li4Mn5O12": -2.0251450538635254, "Co1Li3Mn1O5": -1.8909879922866821, "Cu3Li16Mn15O36": -1.9692223072052002, "Co2Li5Mn5O12": -1.9358961582183838, "Fe2Li3Mn3O10": -1.990666389465332, "Li3Mn4Ni1O8": -1.9118255376815796, "Fe3Li4Mn5O16": -1.9461321830749512, "Fe1Li4Mn3O8": -2.041733503341675, "Cr3Li2Mn2O12": -1.8920873403549194, "Fe1Li3Mn2O6": -2.0372140407562256, "Co1Li2Mn3O8": -1.8802942037582397, "Co1Li3Mn3O8": -1.9397380352020264, "Fe3Li12Mn2O16": -1.9553618431091309, "Co1Li4Mn5O12": -1.9638230800628662, "Fe11Li5Mn8O32": -1.9418429136276245, "Co1Li2Mn1O4": -1.8797636032104492, "Li5Mn2Ni1O8": -1.8754374980926514, "Fe2Li6Mn1O6": -1.92143976688385, "Fe3Li8Mn6O18": -2.0393552780151367, "Co2Li5Mn3O10": -1.9184092283248901, "Fe3Li8Mn1O12": -1.9084644317626953, "Fe3Li1Mn2O8": -1.9389257431030273, "Fe4Li3Mn1O8": -1.9630788564682007, "Cu1Li4Mn3O8": -1.9254482984542847, "Fe2Li3Mn5O12": -2.015930652618408, "Co3Li7Mn2O12": -1.862244725227356, "Li9Mn12Ni3O32": -1.8446625471115112, "Li3Mn3Ni1O8": -1.8867264986038208, "Cu1Li3Mn4O8": -1.9258404970169067, "Li3Mn2Ni1O6": -1.8667411804199219, "Fe2Li1Mn3O8": -1.9711527824401855, "Li5Mn5Ni2O12": -1.8713288307189941, "Fe3Li2Mn1O8": -1.8655517101287842, "Cr12Li9Mn7O48": -1.8863917589187622, "Co2Li5Mn1O8": -1.8444122076034546, "Li2Mn3Ni1O8": -1.8105167150497437, "Li4Mn5Ni1O12": -1.9205199480056763, "Fe17Li5Mn2O32": -1.8783940076828003, "Co1Li2Mn2O6": -1.8932896852493286, "Co2Li4Mn1O7": -1.8382529020309448, "Fe4Li4Mn5O18": -1.9011428356170654, "Cu3Li9Mn12O32": -1.8436723947525024, "Cu1Li4Mn5O12": -1.9220740795135498, "Li8Mn12Ni4O31": -1.8294090032577515, "Cu1Li3Mn2O6": -1.8758461475372314, "Fe5Li4Mn3O16": -1.8944896459579468, "Co2Li3Mn5O12": -1.9069828987121582, "Co3Li5Mn2O10": -1.845887541770935, "Li4Mn5Ni2O12": -1.8617651462554932, "Fe5Li4Mn1O12": -1.9149997234344482, "Co5Li9Mn2O16": -1.819018840789795, "Co2Li3Mn1O6": -1.819796085357666, "Cu1Li2Mn3O8": -1.8090121746063232, "Co3Li4Mn5O16": -1.8135114908218384, "Li5Mn3Ni2O10": -1.8263238668441772, "Co3Li4Mn3O12": -1.8127374649047852, "Co2Li3Mn2O8": -1.8365647792816162, "Cu2Li4Mn5O12": -1.868074655532837, "Co3Li4Mn2O10": -1.8036789894104004, "Li2Mn1Ni1O4": -1.7634905576705933, "Co3Li4Mn1O8": -1.788204312324524, "Li2Mn2Ni1O6": -1.801516056060791, "Li3Mn5Ni2O12": -1.8283518552780151, "Fe3Li2Mn3O12": -1.8387800455093384, "Li6Mn5Ni3O16": -1.794974684715271, "Co1Li1Mn1O4": -1.7596147060394287, "Cu5Li7Mn12O32": -1.776595115661621, "Cu1Li2Mn1O4": -1.783551812171936, "Cu2Li3Mn5O12": -1.8338946104049683, "Co3Li3Mn1O8": -1.7245241403579712, "Co5Li5Mn2O12": -1.7670105695724487,