{"Co1Li1Mn1O4": 0.05999705195426941, "Co1Li1Mn2O6": 0.05573531985282898, "Co1Li2Mn1O4": 0.059261471033096313, "Co1Li2Mn2O6": 0.05842018127441406, "Co1Li2Mn2O8": 0.052309393882751465, "Co1Li2Mn3O8": 0.0559518039226532, "Co1Li3Mn1O5": 0.05664563179016113, "Co1Li3Mn2O6": 0.056050121784210205, "Co1Li3Mn3O8": 0.0591205358505249, "Co1Li3Mn4O8": 0.06158554553985596, "Co1Li4Mn3O8": 0.055225104093551636, "Co1Li4Mn5O12": 0.05389925837516785, "Co1Li5Mn2O8": 0.06098642945289612, "Co1Li5Mn5O12": 0.06082695722579956, "Co1Li6Mn3O10": 0.06224748492240906, "Co1Li6Mn5O12": 0.06142842769622803, "Co1Li7Mn4O12": 0.06224748492240906, "Co2Li1Mn2O8": 0.06643694639205933, "Co2Li2Mn1O6": 0.06017979979515076, "Co2Li3Mn1O6": 0.06018838286399841, "Co2Li3Mn2O8": 0.06017979979515076, "Co2Li3Mn5O12": 0.05880865454673767, "Co2Li4Mn1O7": 0.056044161319732666, "Co2Li5Mn1O8": 0.05404883623123169, "Co2Li5Mn3O10": 0.056050121784210205, "Co2Li5Mn5O12": 0.0600145161151886, "Co3Li1Mn1O8": 0.05919554829597473, "Co3Li2Mn1O8": 0.06408363580703735, "Co3Li2Mn3O12": 0.0575786828994751, "Co3Li3Mn1O8": 0.061004817485809326, "Co3Li4Mn1O8": 0.06018838286399841, "Co3Li4Mn2O10": 0.06017979979515076, "Co3Li4Mn3O12": 0.06017979979515076, "Co3Li4Mn5O16": 0.05779099464416504, "Co3Li5Mn2O10": 0.06018838286399841, "Co3Li7Mn2O12": 0.056044161319732666, "Co3Li7Mn3O16": 0.06085968017578125, "Co4Li3Mn1O8": 0.0669107437133789, "Co5Li4Mn1O12": 0.062023162841796875, "Co5Li4Mn2O12": 0.06537839770317078, "Co5Li4Mn3O16": 0.06167861819267273, "Co5Li5Mn2O12": 0.06518948078155518, "Co5Li9Mn2O16": 0.056044161319732666, "Cr11Li24Mn1O36": 0.05651909112930298, "Cr11Li32Mn5O48": 0.05651909112930298, "Cr12Li9Mn7O48": 0.05633684992790222, "Cr13Li32Mn3O48": 0.05651909112930298, "Cr1Li1Mn1O4": 0.06394010782241821, "Cr1Li1Mn3O8": 0.05379632115364075, "Cr1Li24Mn11O36": 0.057120561599731445, "Cr1Li2Mn1O4": 0.05452662706375122, "Cr1Li2Mn2O6": 0.05748933553695679, "Cr1Li2Mn3O8": 0.05688738822937012, "Cr1Li3Mn2O6": 0.05441892147064209, "Cr1Li3Mn3O8": 0.05748933553695679, "Cr1Li3Mn4O8": 0.05850991606712341, "Cr1Li4Mn1O6": 0.05651909112930298, "Cr1Li4Mn3O8": 0.060020774602890015, "Cr1Li5Mn2O8": 0.059575825929641724, "Cr1Li8Mn15O32": 0.05089467763900757, "Cr1Li8Mn3O12": 0.057120561599731445, "Cr2Li1Mn1O6": 0.06461864709854126, "Cr2Li1Mn2O8": 0.06605097651481628, "Cr2Li2Mn1O6": 0.058595865964889526, "Cr2Li3Mn1O6": 0.05452662706375122, "Cr2Li3Mn2O8": 0.05766895413398743, "Cr2Li3Mn5O12": 0.06600069999694824, "Cr2Li4Mn3O10": 0.060020774602890015, "Cr2Li4Mn5O12": 0.05850991606712341, "Cr2Li5Mn3O10": 0.05441892147064209, "Cr2Li5Mn5O12": 0.0585571825504303, "Cr3Li2Mn1O8": 0.06334197521209717, "Cr3Li2Mn2O12": 0.05872005224227905, "Cr3Li2Mn3O12": 0.06633991003036499, "Cr3Li32Mn13O48": 0.057120561599731445, "Cr3Li3Mn1O8": 0.05445760488510132, "Cr3Li3Mn5O16": 0.060214102268218994, "Cr3Li4Mn1O8": 0.05452662706375122, "Cr3Li4Mn3O12": 0.059241265058517456, "Cr3Li4Mn5O16": 0.06394010782241821, "Cr3Li5Mn1O8": 0.05406460165977478, "Cr3Li8Mn13O32": 0.05293005704879761, "Cr3Li8Mn1O12": 0.05651909112930298, "Cr4Li3Mn1O8": 0.0585571825504303, "Cr5Li10Mn3O16": 0.05502399802207947, "Cr5Li24Mn7O36": 0.05651909112930298, "Cr5Li32Mn11O48": 0.05651909112930298, "Cr5Li4Mn1O12": 0.05445760488510132, "Cr5Li4Mn3O16": 0.06476512551307678, "Cr6Li7Mn10O32": 0.05970066785812378, "Cr7Li24Mn5O36": 0.05651909112930298, "Cu1Li1Mn1O4": 0.06048065423965454, "Cu1Li2Mn1O4": 0.0587945282459259, "Cu1Li2Mn2O6": 0.060825198888778687, "Cu1Li2Mn3O8": 0.05607840418815613, "Cu1Li3Mn2O6": 0.05665159225463867, "Cu1Li3Mn4O8": 0.06158554553985596, "Cu1Li4Mn3O8": 0.05665159225463867, "Cu1Li4Mn5O12": 0.056231915950775146, "Cu2Li1Mn5O12": 0.05626189708709717, "Cu2Li2Mn5O12": 0.052499353885650635, "Cu2Li3Mn1O6": 0.05513527989387512, "Cu2Li3Mn5O12": 0.05706837773323059, "Cu2Li4Mn5O12": 0.06190106272697449, "Cu3Li16Mn15O36": 0.06142842769622803, "Cu3Li2Mn1O8": 0.06024494767189026, "Cu3Li3Mn1O8": 0.055951714515686035, "Cu3Li4Mn1O8": 0.05513527989387512, "Cu3Li4Mn2O10": 0.059610962867736816, "Cu3Li4Mn5O16": 0.05779099464416504, "Cu3Li5Mn2O10": 0.05593222379684448, "Cu3Li9Mn12O32": 0.0534302294254303, "Cu5Li5Mn2O12": 0.0600142776966095, "Cu5Li7Mn12O32": 0.05607840418815613, "Fe11Li5Mn8O32": 0.0542866587638855, "Fe17Li5Mn2O32": 0.06696251034736633, "Fe1Li1Mn1O4": 0.059435755014419556, "Fe1Li2Mn1O4": 0.05645298957824707, "Fe1Li2Mn2O6": 0.056905508041381836, "Fe1Li2Mn3O8": 0.054031938314437866, "Fe1Li3Mn2O6": 0.0556279718875885, "Fe1Li3Mn3O8": 0.05639031529426575, "Fe1Li3Mn4O8": 0.061659276485443115, "Fe1Li3Mn5O12": 0.05310502648353577, "Fe1Li4Mn3O8": 0.0556279718875885, "Fe1Li4Mn5O12": 0.053700655698776245, "Fe1Li6Mn5O12": 0.061229825019836426, "Fe2Li1Mn3O8": 0.05931723117828369, "Fe2Li2Mn1O6": 0.06182456016540527, "Fe2Li2Mn5O12": 0.05469605326652527, "Fe2Li3Mn1O6": 0.05922326445579529, "Fe2Li3Mn2O8": 0.05920344591140747, "Fe2Li3Mn3O10": 0.05773797631263733, "Fe2Li3Mn4O12": 0.0557532012462616, "Fe2Li3Mn5O12": 0.05757370591163635, "Fe2Li4Mn3O10": 0.05976623296737671, "Fe2Li4Mn5O12": 0.06323030591011047, "Fe2Li5Mn3O10": 0.05645298957824707, "Fe2Li5Mn5O12": 0.061659276485443115, "Fe2Li6Mn1O6": 0.05283990502357483, "Fe3Li10Mn5O16": 0.05695036053657532, "Fe3Li12Mn2O16": 0.05473300814628601, "Fe3Li1Mn2O8": 0.060574859380722046, "Fe3Li2Mn1O8": 0.06148001551628113, "Fe3Li2Mn3O12": 0.057380080223083496, "Fe3Li3Mn1O8": 0.06104680895805359, "Fe3Li4Mn1O8": 0.05922326445579529, "Fe3Li4Mn3O12": 0.06182456016540527, "Fe3Li4Mn5O16": 0.057723164558410645, "Fe3Li5Mn2O10": 0.05645298957824707, "Fe3Li5Mn7O20": 0.0557532012462616, "Fe3Li8Mn13O32": 0.05310502648353577, "Fe3Li8Mn1O12": 0.05718439817428589, "Fe3Li8Mn6O18": 0.05883932113647461, "Fe4Li3Mn1O8": 0.0667121410369873, "Fe4Li4Mn5O18": 0.057723164558410645, "Fe5Li4Mn1O12": 0.06182456016540527, "Fe5Li4Mn3O16": 0.060996413230895996, "Fe5Li5Mn2O12": 0.06341984868049622, "Li10Mn3O16V5": 0.04701533913612366, "Li10Mn5O16Ti3": 0.045296162366867065, "Li11Mn12O32Ti4": 0.05394676327705383, "Li1Mn1Ni1O4": 0.054443806409835815, "Li1Mn1O4Ti1": 0.04743713140487671, "Li1Mn1O4V1": 0.05329456925392151, "Li1Mn2Ni1O6": 0.05410072207450867, "Li1Mn3Ni1O8": 0.05820634961128235, "Li1Mn3Ni2O8": 0.055829018354415894, "Li1Mn3O10Ti2": 0.050508469343185425, "Li1Mn3O8Ti1": 0.052229732275009155, "Li2Mn1Ni1O4": 0.05772876739501953, "Li2Mn1Ni2O6": 0.05517178773880005, "Li2Mn1Ni3O8": 0.053798407316207886, "Li2Mn1O12V5": 0.047303974628448486, "Li2Mn1O4Ti1": 0.052830517292022705, "Li2Mn1O4V1": 0.05473679304122925, "Li2Mn1O6V2": 0.053721994161605835, "Li2Mn1O8Ti3": 0.05012679100036621, "Li2Mn1O8V3": 0.054595112800598145, "Li2Mn2Ni1O6": 0.05351436138153076, "Li2Mn2O12V3": 0.05188429355621338, "Li2Mn2O5Ti1": 0.056204259395599365, "Li2Mn2O6Ti1": 0.04847151041030884, "Li2Mn3Ni1O8": 0.054443806409835815, "Li2Mn3O10Ti2": 0.049862802028656006, "Li2Mn3O8Ti1": 0.049454689025878906, "Li2Mn3O8V1": 0.0511738657951355, "Li2Mn5O12Ti2": 0.047613441944122314, "Li3Mn1Ni2O6": 0.05772876739501953, "Li3Mn1Ni3O8": 0.054824113845825195, "Li3Mn1Ni4O8": 0.0626077651977539, "Li3Mn1O12Ti4": 0.04743713140487671, "Li3Mn1O12V4": 0.04844057559967041, "Li3Mn1O6Ti2": 0.052830517292022705, "Li3Mn1O6V2": 0.05473679304122925, "Li3Mn1O8V3": 0.053721994161605835, "Li3Mn1O8V4": 0.05364641547203064, "Li3Mn2Ni1O6": 0.05359050631523132, "Li3Mn2Ni2O8": 0.054824113845825195, "Li3Mn2Ni5O12": 0.05234760046005249, "Li3Mn2O12V3": 0.04744371771812439, "Li3Mn2O12V5": 0.057467252016067505, "Li3Mn2O6Ti1": 0.052005499601364136, "Li3Mn2O6V1": 0.05473679304122925, "Li3Mn3Ni1O8": 0.054597318172454834, "Li3Mn3O10Ti2": 0.04930397868156433, "Li3Mn3O8Ti1": 0.05206599831581116, "Li3Mn4Ni1O8": 0.060077548027038574, "Li3Mn4O8Ti1": 0.056204259395599365, "Li3Mn4O8V1": 0.05870118737220764, "Li3Mn5Ni2O12": 0.05234760046005249, "Li3Mn5O12Ti2": 0.049966782331466675, "Li4Mn1Ni3O8": 0.0548226535320282, "Li4Mn1Ni4O10": 0.058545202016830444, "Li4Mn1Ni5O12": 0.05598074197769165, "Li4Mn1O12V3": 0.056894898414611816, "Li4Mn1O8Ti3": 0.04742848873138428,