{"stats": {"Ed": {"reg": {"abs": {"mean": 0.027394209514882303, "median": 0.025241565147194542, "per": {"1": 0.0005778846440686819, "10": 0.005092170250786763, "25": 0.01210471925868031, "50": 0.025241565147194542, "75": 0.03934257040447549, "90": 0.053249232957903056, "99": 0.08948798837512334}}, "raw": {"mean": -0.0030088216333510566, "median": -0.0018592123690284804, "per": {"1": -0.06681716665178357, "10": -0.04401627423290384, "25": -0.029868949875388684, "50": -0.0018592123690284804, "75": 0.020402249895070154, "90": 0.0393377634659441, "99": 0.08000850957591144}}, "rmse": 0.03362214640058924, "r2": -0.02119395599547036}, "cl": {"0": {"raw": {"tn": 258, "fp": 0, "fn": 9, "tp": 0}, "scores": {"precision": 0, "recall": 0.0, "f1": 0, "accuracy": 0.9662921348314607, "fpr": 0.0}}}}}, "data": {"Ed": [0.0593813955783844, 0.06787198781967163, 0.05200773477554321, 0.05527937412261963, 0.06295835971832275, 0.05938729643821716, 0.052365899085998535, 0.05250224471092224, 0.05564931035041809, 0.0516415536403656, 0.05196985602378845, 0.05564931035041809, 0.04375681281089783, 0.0531981885433197, 0.05003759264945984, 0.05196985602378845, 0.05128571391105652, 0.06931158900260925, 0.0541815459728241, 0.052598655223846436, 0.05527937412261963, 0.05785495042800903, 0.05243620276451111, 0.045779675245285034, 0.05250224471092224, 0.051516979932785034, 0.06931158900260925, 0.057280659675598145, 0.06771016120910645, 0.05477246642112732, 0.052598655223846436, 0.052703678607940674, 0.05527937412261963, 0.05938729643821716, 0.052598655223846436, 0.052560776472091675, 0.05673098564147949, 0.05212631821632385, 0.05757156014442444, 0.05331301689147949, 0.057280659675598145, 0.04989910125732422, 0.05243620276451111, 0.044282764196395874, 0.044282764196395874, 0.06157931685447693, 0.044282764196395874, 0.05700346827507019, 0.06625059247016907, 0.049615055322647095, 0.04509103298187256, 0.055089741945266724, 0.05700346827507019, 0.04509103298187256, 0.055089741945266724, 0.05132734775543213, 0.05151894688606262, 0.04509103298187256, 0.04910236597061157, 0.056878894567489624, 0.049615055322647095, 0.06669020652770996, 0.06625059247016907, 0.048362672328948975, 0.04561108350753784, 0.048362672328948975, 0.05700346827507019, 0.04578697681427002, 0.05251404643058777, 0.04509103298187256, 0.05132734775543213, 0.049538224935531616, 0.06191450357437134, 0.06839737296104431, 0.049615055322647095, 0.048362672328948975, 0.06294664740562439, 0.04561108350753784, 0.04830864071846008, 0.05700346827507019, 0.04658317565917969, 0.056878894567489624, 0.044282764196395874, 0.04460027813911438, 0.04658317565917969, 0.05151894688606262, 0.05151894688606262, 0.048362672328948975, 0.05022236704826355, 0.060611069202423096, 0.05151894688606262, 0.05777537822723389, 0.041492581367492676, 0.05430611968040466, 0.05828946828842163, 0.0418318510055542, 0.049859583377838135, 0.044134676456451416, 0.055403947830200195, 0.06997638940811157, 0.06538704037666321, 0.0411013662815094, 0.0584140419960022, 0.052753448486328125, 0.05162405967712402, 0.05547600984573364, 0.044740378856658936, 0.0411013662815094, 0.04216468334197998, 0.0584140419960022, 0.0411013662815094, 0.05527937412261963, 0.04097798466682434, 0.060625046491622925, 0.06426423788070679, 0.06999728083610535, 0.05951187014579773, 0.05111294984817505, 0.055089741945266724, 0.05700346827507019, 0.05111294984817505, 0.055089741945266724, 0.05095741152763367, 0.056878894567489624, 0.05111294984817505, 0.05577388405799866, 0.05128571391105652, 0.06426423788070679, 0.05454704165458679, 0.06523749232292175, 0.05164533853530884, 0.054916977882385254, 0.05577388405799866, 0.05700346827507019, 0.05663353204727173, 0.0523412823677063, 0.05214411020278931, 0.05111294984817505, 0.05132734775543213, 0.04852893948554993, 0.05229964852333069, 0.04988965392112732, 0.06426423788070679, 0.058827728033065796, 0.06678006052970886, 0.05454704165458679, 0.05164533853530884, 0.055089741945266724, 0.05700346827507019, 0.05111294984817505, 0.05700346827507019, 0.056878894567489624, 0.04449355602264404, 0.0523412823677063, 0.05610400438308716, 0.06171169877052307, 0.05454704165458679, 0.05951187014579773, 0.0507846474647522, 0.05634322762489319, 0.05570307374000549, 0.05559784173965454, 0.0584140419960022, 0.054714202880859375, 0.054176896810531616, 0.06568223237991333, 0.06766453385353088, 0.0653548538684845, 0.06475830078125, 0.06201764941215515, 0.04937151074409485, 0.053591758012771606, 0.05107077956199646, 0.0566616952419281, 0.055370986461639404, 0.05184662342071533, 0.05231720209121704, 0.05463099479675293, 0.052960366010665894, 0.055403947830200195, 0.05774194002151489, 0.051835447549819946, 0.053622275590896606, 0.05938729643821716, 0.058107614517211914, 0.054154664278030396, 0.054176896810531616, 0.051842838525772095, 0.048273682594299316, 0.045659393072128296, 0.0618041455745697, 0.06266316771507263, 0.05819550156593323, 0.06013065576553345, 0.053606778383255005, 0.054292768239974976, 0.048990845680236816, 0.051448166370391846, 0.051884591579437256, 0.05440175533294678, 0.05552339553833008, 0.053391218185424805, 0.05275622010231018, 0.05154117941856384, 0.05471980571746826, 0.053622275590896606, 0.05559784173965454, 0.05095741152763367, 0.0524924099445343, 0.05047634243965149, 0.05688169598579407, 0.054154664278030396, 0.04788246750831604, 0.042692482471466064, 0.05591115355491638, 0.05874660611152649, 0.06072703003883362, 0.05458596348762512, 0.048449575901031494, 0.05067679286003113, 0.05471715331077576, 0.048588186502456665, 0.05181810259819031, 0.05532914400100708, 0.053022146224975586, 0.05331048369407654, 0.054176896810531616, 0.05245077610015869, 0.05054020881652832, 0.057275205850601196, 0.05577388405799866, 0.051046282052993774, 0.0584140419960022, 0.054154664278030396, 0.05104658007621765, 0.054154664278030396, 0.054176896810531616, 0.056936442852020264, 0.055844515562057495, 0.0591164231300354, 0.060611069202423096, 0.04788246750831604, 0.05071035027503967, 0.04242795705795288, 0.048273682594299316, 0.048970043659210205, 0.05184662342071533, 0.05053037405014038, 0.04937151074409485, 0.05275622010231018, 0.05154117941856384, 0.05346199870109558, 0.05095741152763367, 0.051835447549819946, 0.0499439537525177, 0.05538424849510193, 0.056878894567489624, 0.055051833391189575, 0.05471980571746826, 0.05538424849510193, 0.05834069848060608, 0.056878894567489624, 0.040809422731399536, 0.04543471336364746, 0.057275205850601196, 0.05564931035041809, 0.05321964621543884],