{"stats": {"Ed": {"reg": {"abs": {"mean": 0.0281531196093973, "median": 0.026047950800923564, "per": {"1": 0.0004833532073087947, "10": 0.005954586565675868, "25": 0.012601222499523279, "50": 0.026047950800923564, "75": 0.04044105823204906, "90": 0.052332963497131374, "99": 0.09151822956086976}}, "raw": {"mean": -0.00542887066849839, "median": -0.0059323702900364594, "per": {"1": -0.06854784234911024, "10": -0.048326838439535585, "25": -0.03305984205889061, "50": -0.0059323702900364594, "75": 0.017939034631417883, "90": 0.037225623589431676, "99": 0.07785288733203032}}, "rmse": 0.0341939558322461, "r2": -0.056224066341665324}, "cl": {"0": {"raw": {"tn": 258, "fp": 0, "fn": 9, "tp": 0}, "scores": {"precision": 0, "recall": 0.0, "f1": 0, "accuracy": 0.9662921348314607, "fpr": 0.0}}}}}, "data": {"Ed": [0.05999705195426941, 0.05573531985282898, 0.059261471033096313, 0.05842018127441406, 0.052309393882751465, 0.0559518039226532, 0.05664563179016113, 0.056050121784210205, 0.0591205358505249, 0.06158554553985596, 0.055225104093551636, 0.05389925837516785, 0.06098642945289612, 0.06082695722579956, 0.06224748492240906, 0.06142842769622803, 0.06224748492240906, 0.06643694639205933, 0.06017979979515076, 0.06018838286399841, 0.06017979979515076, 0.05880865454673767, 0.056044161319732666, 0.05404883623123169, 0.056050121784210205, 0.0600145161151886, 0.05919554829597473, 0.06408363580703735, 0.0575786828994751, 0.061004817485809326, 0.06018838286399841, 0.06017979979515076, 0.06017979979515076, 0.05779099464416504, 0.06018838286399841, 0.056044161319732666, 0.06085968017578125, 0.0669107437133789, 0.062023162841796875, 0.06537839770317078, 0.06167861819267273, 0.06518948078155518, 0.056044161319732666, 0.05651909112930298, 0.05651909112930298, 0.05633684992790222, 0.05651909112930298, 0.06394010782241821, 0.05379632115364075, 0.057120561599731445, 0.05452662706375122, 0.05748933553695679, 0.05688738822937012, 0.05441892147064209, 0.05748933553695679, 0.05850991606712341, 0.05651909112930298, 0.060020774602890015, 0.059575825929641724, 0.05089467763900757, 0.057120561599731445, 0.06461864709854126, 0.06605097651481628, 0.058595865964889526, 0.05452662706375122, 0.05766895413398743, 0.06600069999694824, 0.060020774602890015, 0.05850991606712341, 0.05441892147064209, 0.0585571825504303, 0.06334197521209717, 0.05872005224227905, 0.06633991003036499, 0.057120561599731445, 0.05445760488510132, 0.060214102268218994, 0.05452662706375122, 0.059241265058517456, 0.06394010782241821, 0.05406460165977478, 0.05293005704879761, 0.05651909112930298, 0.0585571825504303, 0.05502399802207947, 0.05651909112930298, 0.05651909112930298, 0.05445760488510132, 0.06476512551307678, 0.05970066785812378, 0.05651909112930298, 0.06048065423965454, 0.0587945282459259, 0.060825198888778687, 0.05607840418815613, 0.05665159225463867, 0.06158554553985596, 0.05665159225463867, 0.056231915950775146, 0.05626189708709717, 0.052499353885650635, 0.05513527989387512, 0.05706837773323059, 0.06190106272697449, 0.06142842769622803, 0.06024494767189026, 0.055951714515686035, 0.05513527989387512, 0.059610962867736816, 0.05779099464416504, 0.05593222379684448, 0.0534302294254303, 0.0600142776966095, 0.05607840418815613, 0.0542866587638855, 0.06696251034736633, 0.059435755014419556, 0.05645298957824707, 0.056905508041381836, 0.054031938314437866, 0.0556279718875885, 0.05639031529426575, 0.061659276485443115, 0.05310502648353577, 0.0556279718875885, 0.053700655698776245, 0.061229825019836426, 0.05931723117828369, 0.06182456016540527, 0.05469605326652527, 0.05922326445579529, 0.05920344591140747, 0.05773797631263733, 0.0557532012462616, 0.05757370591163635, 0.05976623296737671, 0.06323030591011047, 0.05645298957824707, 0.061659276485443115, 0.05283990502357483, 0.05695036053657532, 0.05473300814628601, 0.060574859380722046, 0.06148001551628113, 0.057380080223083496, 0.06104680895805359, 0.05922326445579529, 0.06182456016540527, 0.057723164558410645, 0.05645298957824707, 0.0557532012462616, 0.05310502648353577, 0.05718439817428589, 0.05883932113647461, 0.0667121410369873, 0.057723164558410645, 0.06182456016540527, 0.060996413230895996, 0.06341984868049622, 0.04701533913612366, 0.045296162366867065, 0.05394676327705383, 0.054443806409835815, 0.04743713140487671, 0.05329456925392151, 0.05410072207450867, 0.05820634961128235, 0.055829018354415894, 0.050508469343185425, 0.052229732275009155, 0.05772876739501953, 0.05517178773880005, 0.053798407316207886, 0.047303974628448486, 0.052830517292022705, 0.05473679304122925, 0.053721994161605835, 0.05012679100036621, 0.054595112800598145, 0.05351436138153076, 0.05188429355621338, 0.056204259395599365, 0.04847151041030884, 0.054443806409835815, 0.049862802028656006, 0.049454689025878906, 0.0511738657951355, 0.047613441944122314, 0.05772876739501953, 0.054824113845825195, 0.0626077651977539, 0.04743713140487671, 0.04844057559967041, 0.052830517292022705, 0.05473679304122925, 0.053721994161605835, 0.05364641547203064, 0.05359050631523132, 0.054824113845825195, 0.05234760046005249, 0.04744371771812439, 0.057467252016067505, 0.052005499601364136, 0.05473679304122925, 0.054597318172454834, 0.04930397868156433, 0.05206599831581116, 0.060077548027038574, 0.056204259395599365, 0.05870118737220764, 0.05234760046005249, 0.049966782331466675, 0.0548226535320282, 0.058545202016830444, 0.05598074197769165, 0.056894898414611816, 0.04742848873138428, 0.05435991287231445, 0.05614018440246582, 0.05735433101654053, 0.0518459677696228, 0.055473923683166504, 0.05359050631523132, 0.05345052480697632, 0.05219259858131409, 0.04964318871498108, 0.05213937163352966, 0.052005499601364136, 0.05391177535057068, 0.04778248071670532, 0.05180969834327698, 0.05737784504890442, 0.054443806409835815, 0.052573174238204956, 0.056204259395599365, 0.048935890197753906, 0.05271300673484802, 0.049862802028656006, 0.049454689025878906, 0.049454689025878906, 0.05023244023323059, 0.0548226535320282, 0.04701533913612366, 0.058653414249420166, 0.05772876739501953, 0.0626077651977539, 0.05473679304122925, 0.055473923683166504, 0.05680185556411743, 0.052830517292022705, 0.05473679304122925, 0.046972423791885376, 0.058506518602371216, 0.05206599831581116, 0.05792343616485596, 0.049454689025878906, 0.049454689025878906, 0.05191799998283386, 0.05565658211708069, 0.050381600856781006, 0.054443806409835815, 0.051795631647109985, 0.05481669306755066, 0.0487673282623291, 0.05132639408111572, 0.051795631647109985, 0.052702486515045166],