{"stats": {"Ed": {"reg": {"abs": {"mean": 0.027623935611809508, "median": 0.025611149565084187, "per": {"1": 0.0006011127651947593, "10": 0.005809243817896126, "25": 0.013389511525103804, "50": 0.025611149565084187, "75": 0.03903038835469427, "90": 0.04920402617686079, "99": 0.08677375064100724}}, "raw": {"mean": 3.7388074119868e-05, "median": 0.00048752022879750695, "per": {"1": -0.06401548693812195, "10": -0.04204744773201294, "25": -0.02657779280386869, "50": 0.00048752022879750695, "75": 0.024426141590763277, "90": 0.039959930649769604, "99": 0.08246720771168772}}, "rmse": 0.03341408067912465, "r2": -0.00859404532440533}, "cl": {"0": {"raw": {"tn": 258, "fp": 0, "fn": 9, "tp": 0}, "scores": {"precision": 0, "recall": 0.0, "f1": 0, "accuracy": 0.9662921348314607, "fpr": 0.0}}}}}, "data": {"Ed": [0.05196010493313351, 0.05196010493313351, 0.04950594115210864, 0.05312639931685798, 0.05196010493313351, 0.05196010493313351, 0.05068944827846002, 0.05068944827846002, 0.05312639931685798, 0.04950594115210864, 0.05068944827846002, 0.05312639931685798, 0.05068944827846002, 0.052369017596393994, 0.05068944827846002, 0.05068944827846002, 0.05068944827846002, 0.05196010493313351, 0.0524136848655563, 0.05006201576951972, 0.05312639931685798, 0.05312639931685798, 0.05068944827846002, 0.05068944827846002, 0.05068944827846002, 0.04950594115210864, 0.05452321622824841, 0.05196010493313351, 0.05196010493313351, 0.0524136848655563, 0.05006201576951972, 0.05312639931685798, 0.04821591538329501, 0.05196010493313351, 0.05006201576951972, 0.05068944827846002, 0.05312639931685798, 0.05103776503939003, 0.0524136848655563, 0.0524136848655563, 0.05196010493313351, 0.05006201576951972, 0.051245522895871094, 0.049717638888709996, 0.049717638888709996, 0.05196010493313351, 0.049717638888709996, 0.05267281938443519, 0.05196010493313351, 0.049717638888709996, 0.05068944827846002, 0.05312639931685798, 0.05267281938443519, 0.05068944827846002, 0.05312639931685798, 0.05068944827846002, 0.049717638888709996, 0.05068944827846002, 0.049717638888709996, 0.05267281938443519, 0.049717638888709996, 0.05267281938443519, 0.05196010493313351, 0.05312639931685798, 0.05068944827846002, 0.05312639931685798, 0.05312639931685798, 0.052369017596393994, 0.05312639931685798, 0.05068944827846002, 0.05068944827846002, 0.05267281938443519, 0.05196010493313351, 0.05267281938443519, 0.049717638888709996, 0.05312639931685798, 0.05267281938443519, 0.05068944827846002, 0.05312639931685798, 0.05267281938443519, 0.049717638888709996, 0.05267281938443519, 0.049717638888709996, 0.05068944827846002, 0.05068944827846002, 0.049717638888709996, 0.049717638888709996, 0.05312639931685798, 0.05267281938443519, 0.05267281938443519, 0.049717638888709996, 0.045947539590841094, 0.043116596684946454, 0.047702194426640844, 0.04724861449421805, 0.044081736261891505, 0.044081736261891505, 0.044081736261891505, 0.047702194426640844, 0.04773958134826394, 0.045947539590841094, 0.043116596684946454, 0.04640111952326389, 0.04640111952326389, 0.04638873808876578, 0.044318835018689294, 0.04477241495111209, 0.0421762938848628, 0.04640111952326389, 0.045947539590841094, 0.043116596684946454, 0.04724861449421805, 0.04342878095961002, 0.045947539590841094, 0.05267281938443519, 0.05137174448105823, 0.05267281938443519, 0.05068944827846002, 0.05312639931685798, 0.05267281938443519, 0.05068944827846002, 0.05312639931685798, 0.05068944827846002, 0.05267281938443519, 0.05068944827846002, 0.05312639931685798, 0.05068944827846002, 0.05137174448105823, 0.05312639931685798, 0.05267281938443519, 0.05068944827846002, 0.05312639931685798, 0.05312639931685798, 0.05267281938443519, 0.05312639931685798, 0.05312639931685798, 0.05312639931685798, 0.05068944827846002, 0.05068944827846002, 0.05168970949695428, 0.05068944827846002, 0.049717638888709996, 0.05137174448105823, 0.05267281938443519, 0.05267281938443519, 0.05312639931685798, 0.05068944827846002, 0.05312639931685798, 0.05267281938443519, 0.05068944827846002, 0.05267281938443519, 0.05267281938443519, 0.049717638888709996, 0.051812942978982916, 0.051446829998924005, 0.05267281938443519, 0.05312639931685798, 0.05267281938443519, 0.04950594115210864, 0.049717638888709996, 0.04711912839229166, 0.05312639931685798, 0.05267281938443519, 0.05047921417828889, 0.05267281938443519, 0.05267281938443519, 0.05196010493313351, 0.05137174448105823, 0.05047921417828889, 0.05047921417828889, 0.04950594115210864, 0.05312639931685798, 0.049944930196846295, 0.05119192862959057, 0.049717638888709996, 0.05068944827846002, 0.05312639931685798, 0.04950740478853887, 0.05119192862959057, 0.05312639931685798, 0.05196010493313351, 0.051245522895871094, 0.05312639931685798, 0.05267281938443519, 0.05047921417828889, 0.05196010493313351, 0.05267281938443519, 0.05047921417828889, 0.04950594115210864, 0.05039851012926909, 0.04638593863707868, 0.04950740478853887, 0.05267281938443519, 0.05027371350612107, 0.049717638888709996, 0.05312639931685798, 0.0492085575236154, 0.04950594115210864, 0.05312639931685798, 0.051825324413481026, 0.05267281938443519, 0.051645508562013366, 0.049717638888709996, 0.05068944827846002, 0.05312639931685798, 0.04821591538329501, 0.052369017596393994, 0.04950594115210864, 0.05068944827846002, 0.05068944827846002, 0.05312639931685798, 0.051645508562013366, 0.048079126867896706, 0.05039851012926909, 0.05039851012926909, 0.05267281938443519, 0.04879282275127646, 0.049717638888709996, 0.05312639931685798, 0.051825324413481026, 0.05267281938443519, 0.05108943394460229, 0.05068944827846002, 0.05312639931685798, 0.052369017596393994, 0.05047921417828889, 0.05119192862959057, 0.05068944827846002, 0.05068944827846002, 0.05047921417828889, 0.05312639931685798, 0.05312639931685798, 0.05267281938443519, 0.05312639931685798, 0.052369017596393994, 0.05196010493313351, 0.05267281938443519, 0.05047921417828889, 0.05196010493313351, 0.05196010493313351, 0.05267281938443519, 0.04444504979026332, 0.049717638888709996, 0.05068944827846002, 0.04950594115210864, 0.050481690421978954, 0.05068944827846002, 0.0492085575236154, 0.04950594115210864, 0.049717638888709996, 0.05068944827846002, 0.04711912839229166, 0.04950594115210864, 0.05068944827846002, 0.05068944827846002, 0.05267281938443519, 0.05267281938443519, 0.05039851012926909, 0.05312639931685798, 0.05047921417828889, 0.05267281938443519, 0.05267281938443519, 0.04444504979026332, 0.049717638888709996, 0.05196010493313351, 0.05267281938443519, 0.05196010493313351],