{"mae": {"mean": 0.3567151065405627, "std": 0.014590474647052305}}