{"mae": {"mean": 0.2171740584532617, "std": 0.00701494823005047}}