{"mae": {"mean": 0.15001256522067158, "std": 0.0036533010321220197}}