{"mae": {"mean": 0.1287462461087844, "std": 0.0031615447307425633}}