{"mae": {"mean": 0.11449948968040527, "std": 0.0062806069402079985}}