{"Li2Mn1O8Ti3": -2.9155919551849365, "Li3Mn1O12Ti4": -2.8010592460632324, "Li4Mn3O16Ti5": -2.7547414302825928, "Li4Mn1O8Ti3": -2.675987720489502, "Li3Mn1O6Ti2": -2.5936758518218994, "Li4Mn4O18Ti5": -2.644557237625122, "Li1Mn1O4Ti1": -2.626641273498535, "Li2Mn1O4Ti1": -2.5675137042999268, "Li5Mn3O10Ti2": -2.5390405654907227, "Li4Mn3O10Ti2": -2.594266891479492, "Li4Mn5O18Ti4": -2.604473114013672, "Li3Mn3O10Ti2": -2.601900815963745, "Li4Mn5O16Ti3": -2.568488121032715, "Li2Mn3O10Ti2": -2.654217481613159, "Li2Mn2O5Ti1": -2.4853591918945312, "Li8Mn7O30Ti6": -2.577737808227539, "Li1Mn3O10Ti2": -2.5880024433135986, "Li3Mn2O6Ti1": -2.5304384231567383, "Li5Mn5O12Ti2": -2.4616305828094482, "Li2Mn2O6Ti1": -2.548888683319092, "Li4Mn5O12Ti2": -2.5124447345733643, "Li7Mn12O32Ti5": -2.5938477516174316, "Li3Mn5O12Ti2": -2.538114070892334, "Li4Mn6O18Ti3": -2.5342390537261963, "Li2Mn1O8V3": -2.4083406925201416, "Li10Mn5O16Ti3": -2.544156789779663, "Li2Mn5O12Ti2": -2.511883497238159, "Li4Mn3O8Ti1": -2.4680495262145996, "Li3Mn3O8Ti1": -2.468341827392578, "Li2Mn3O8Ti1": -2.5287246704101562, "Li1Mn1O4V1": -2.3244717121124268, "Li4Mn1O8V3": -2.3153181076049805, "Li11Mn12O32Ti4": -2.497671127319336, "Li3Mn1O8V3": -2.333381414413452, "Li3Mn1O12V4": -2.361879348754883, "Li3Mn1O6V2": -2.288935422897339, "Li2Mn1O12V5": -2.3723583221435547, "Li4Mn2O12V5": -2.30273175239563, "Li4Mn2O12V3": -2.341500997543335, "Li3Mn4O8Ti1": -2.429280996322632, "Li4Mn3O16V5": -2.3770010471343994, "Li5Mn2O12V5": -2.3292346000671387, "Li3Mn1O8V4": -2.332554817199707, "Li5Mn3O8Ti1": -2.469554901123047, "Li3Mn2O12V5": -2.3687829971313477, "Li2Mn1O6V2": -2.369997024536133, "Cr3Li4Mn1O8": -2.2305397987365723, "Li5Mn8O20Ti2": -2.461463689804077, "Li5Mn2O10V3": -2.283937454223633, "Li2Mn1O4V1": -2.274837017059326, "Li3Mn2O12V3": -2.29586124420166, "Cr3Li3Mn1O8": -2.241274118423462, "Li5Mn1O8V3": -2.3124337196350098, "Li8Mn3O12Ti1": -2.435041666030884, "Li4Mn7O18Ti2": -2.437685489654541, "Li5Mn3O10V2": -2.2102577686309814, "Cr2Li3Mn1O6": -2.2049436569213867, "Cr1Li2Mn1O4": -2.18997859954834, "Li1Mn3O8Ti1": -2.45880389213562, "Cr3Li2Mn1O8": -2.223226547241211, "Li10Mn3O16V5": -2.3017237186431885, "Li3Mn2O6V1": -2.226856231689453, "Li4Mn5O16V3": -2.2889463901519775, "Li2Mn2O12V3": -2.270036458969116, "Cr11Li24Mn1O36": -2.2261247634887695, "Cr3Li5Mn1O8": -2.218193769454956, "Li5Mn5O12V2": -2.198544979095459, "Li4Mn5O12Ti1": -2.451624631881714, "Cr2Li2Mn1O6": -2.1848676204681396, "Cr1Li1Mn1O4": -2.1755216121673584, "Cr11Li32Mn5O48": -2.219477415084839, "Cr2Li5Mn3O10": -2.187452793121338, "Cr4Li3Mn1O8": -2.116183280944824, "Li4Mn3O8V1": -2.219367742538452, "Cr13Li32Mn3O48": -2.2261247634887695, "Li9Mn7O48V12": -2.2781808376312256, "Cr1Li4Mn1O6": -2.20092511177063, "Cr1Li4Mn3O8": -2.1691620349884033, "Cr5Li24Mn7O36": -2.20092511177063, "Cr7Li24Mn5O36": -2.1936800479888916, "Cr5Li4Mn1O12": -2.197442054748535, "Li4Mn1O12V3": -2.3274502754211426, "Cr1Li3Mn2O6": -2.1764490604400635, "Cr3Li4Mn3O12": -2.1447432041168213, "Cr3Li32Mn13O48": -2.193882703781128, "Cr5Li32Mn11O48": -2.193882703781128, "Li2Mn3O8V1": -2.175469160079956, "Cr1Li5Mn2O8": -2.1859142780303955, "Cr5Li4Mn3O16": -2.1814639568328857, "Li5Mn9O20Ti1": -2.400607109069824, "Cr2Li3Mn2O8": -2.204072952270508, "Cr5Li10Mn3O16": -2.1889703273773193, "Cr1Li24Mn11O36": -2.139850378036499, "Cr2Li5Mn5O12": -2.1484344005584717, "Li3Mn4O8V1": -2.1304099559783936, "Cr2Li4Mn3O10": -2.1808745861053467, "Cr2Li4Mn5O12": -2.0789735317230225, "Cr6Li7Mn10O32": -2.0909156799316406, "Cr1Li3Mn4O8": -2.084608793258667, "Cr1Li2Mn3O8": -2.1562716960906982, "Cr3Li8Mn1O12": -2.2261247634887695, "Li4Mn8O18Ti1": -2.370424270629883, "Cr3Li4Mn5O16": -2.1562716960906982, "Cr1Li3Mn3O8": -2.1695878505706787, "Cr3Li3Mn5O16": -1.9878175258636475, "Cr3Li8Mn13O32": -2.1545045375823975, "Fe1Li2Mn1O4": -2.1086134910583496, "Fe2Li5Mn3O10": -2.1151540279388428, "Cr1Li8Mn3O12": -2.193882703781128, "Cr1Li2Mn2O6": -2.140131711959839, "Cr2Li3Mn5O12": -2.1133270263671875, "Co1Li7Mn4O12": -2.02846097946167, "Fe3Li4Mn1O8": -2.035644292831421, "Fe2Li3Mn1O6": -2.048506498336792, "Cr2Li1Mn1O6": -2.0786759853363037, "Co1Li6Mn3O10": -2.066673755645752, "Fe2Li5Mn5O12": -2.0647828578948975, "Fe1Li6Mn5O12": -2.1512608528137207, "Fe1Li3Mn4O8": -1.996220350265503, "Cr1Li8Mn15O32": -2.095900535583496, "Fe1Li3Mn5O12": -2.02534818649292, "Cr3Li2Mn3O12": -2.016509771347046, "Co1Li5Mn2O8": -2.072279691696167, "Co1Li4Mn3O8": -2.0189661979675293, "Fe2Li4Mn5O12": -1.9605300426483154, "Fe2Li4Mn3O10": -2.0145010948181152, "Fe2Li3Mn4O12": -2.0022430419921875, "Fe3Li3Mn1O8": -2.0456058979034424, "Fe3Li8Mn13O32": -2.0249276161193848, "Fe1Li2Mn3O8": -2.0176432132720947, "Fe3Li5Mn7O20": -2.014446973800659, "Co1Li6Mn5O12": -2.0189661979675293, "Fe1Li3Mn3O8": -2.0927436351776123, "Fe1Li2Mn2O6": -2.0272269248962402, "Fe3Li5Mn2O10": -2.0455896854400635, "Co1Li3Mn4O8": -1.8866736888885498, "Cr1Li1Mn3O8": -1.9459505081176758, "Li8Mn15Ni1O32": -1.9785478115081787, "Fe1Li1Mn1O4": -2.0153467655181885, "Fe2Li2Mn5O12": -1.920926570892334, "Cr2Li1Mn2O8": -1.992201566696167, "Co1Li3Mn2O6": -1.9620318412780762, "Fe3Li4Mn3O12": -2.0393810272216797, "Fe2Li2Mn1O6": -2.0283825397491455, "Fe3Li10Mn5O16": -2.116041898727417, "Co1Li5Mn5O12": -2.0073487758636475, "Li4Mn3Ni1O8": -1.9418272972106934, "Fe2Li3Mn2O8": -2.0358176231384277, "Fe5Li5Mn2O12": -2.0314321517944336, "Fe1Li4Mn5O12": -2.11578106880188, "Co1Li3Mn1O5": -1.9707021713256836, "Cu3Li16Mn15O36": -1.9499216079711914, "Co2Li5Mn5O12": -1.914416790008545, "Fe2Li3Mn3O10": -2.0305025577545166, "Li3Mn4Ni1O8": -1.8512871265411377, "Fe3Li4Mn5O16": -1.9991767406463623, "Fe1Li4Mn3O8": -2.15683913230896, "Cr3Li2Mn2O12": -2.050459146499634, "Fe1Li3Mn2O6": -2.1151540279388428, "Co1Li2Mn3O8": -1.9707059860229492, "Co1Li3Mn3O8": -1.9461872577667236, "Fe3Li12Mn2O16": -2.0598809719085693, "Co1Li4Mn5O12": -1.9971795082092285, "Fe11Li5Mn8O32": -1.9602563381195068, "Co1Li2Mn1O4": -1.938502550125122, "Li5Mn2Ni1O8": -1.9514403343200684, "Fe2Li6Mn1O6": -1.9794681072235107, "Fe3Li8Mn6O18": -2.091850996017456, "Co2Li5Mn3O10": -1.9470088481903076, "Fe3Li8Mn1O12": -2.0486905574798584, "Fe3Li1Mn2O8": -1.8763959407806396, "Fe4Li3Mn1O8": -1.9466114044189453, "Cu1Li4Mn3O8": -1.9499547481536865, "Fe2Li3Mn5O12": -1.968634843826294, "Co3Li7Mn2O12": -1.840022087097168, "Li9Mn12Ni3O32": -1.9727275371551514, "Li3Mn3Ni1O8": -1.9400150775909424, "Cu1Li3Mn4O8": -1.86580228805542, "Li3Mn2Ni1O6": -1.932382583618164, "Fe2Li1Mn3O8": -1.9134352207183838, "Li5Mn5Ni2O12": -1.8469350337982178, "Fe3Li2Mn1O8": -1.9640710353851318, "Cr12Li9Mn7O48": -2.0548899173736572, "Co2Li5Mn1O8": -1.9193334579467773, "Li2Mn3Ni1O8": -1.920884609222412, "Li4Mn5Ni1O12": -1.9947376251220703, "Fe17Li5Mn2O32": -1.846883773803711, "Co1Li2Mn2O6": -1.992387294769287, "Co2Li4Mn1O7": -1.789602279663086, "Fe4Li4Mn5O18": -1.946775197982788, "Cu3Li9Mn12O32": -1.964308500289917, "Cu1Li4Mn5O12": -1.9820330142974854, "Li8Mn12Ni4O31": -1.9011950492858887, "Cu1Li3Mn2O6": -1.8303086757659912, "Fe5Li4Mn3O16": -1.9842462539672852, "Co2Li3Mn5O12": -1.871147632598877, "Co3Li5Mn2O10": -1.9023151397705078, "Li4Mn5Ni2O12": -1.8014812469482422, "Fe5Li4Mn1O12": -1.9695568084716797, "Co5Li9Mn2O16": -1.789602279663086, "Co2Li3Mn1O6": -1.8539376258850098, "Cu1Li2Mn3O8": -1.862894058227539, "Co3Li4Mn5O16": -1.9143431186676025, "Li5Mn3Ni2O10": -1.9420216083526611, "Co3Li4Mn3O12": -1.9412658214569092, "Co2Li3Mn2O8": -1.949359655380249, "Cu2Li4Mn5O12": -1.743452548980713, "Co3Li4Mn2O10": -1.9244625568389893, "Li2Mn1Ni1O4": -1.727747917175293, "Co3Li4Mn1O8": -1.7425823211669922, "Li2Mn2Ni1O6": -1.918147325515747, "Li3Mn5Ni2O12": -1.8369779586791992, "Fe3Li2Mn3O12": -1.8850820064544678, "Li6Mn5Ni3O16": -1.829972505569458, "Co1Li1Mn1O4": -1.8648426532745361, "Cu5Li7Mn12O32": -1.7799019813537598, "Cu1Li2Mn1O4": -1.7228367328643799, "Cu2Li3Mn5O12": -1.7805802822113037, "Co3Li3Mn1O8": -1.7867391109466553, "Co5Li5Mn2O12": -1.7521388530731201, "Co3Li7Mn3O16": -1.997283697128296,