{"mae": {"mean": 0.3888776062019842, "std": 0.011768745860098111}}