{"mae": {"mean": 0.2511520670298683, "std": 0.0029008256676401147}}