{"mae": {"mean": 0.18684208613298922, "std": 0.0009589358132287544}}