{"mae": {"mean": 0.17818374443018342, "std": 0.0008523972455297079}}