{"mae": {"mean": 0.17193645818700792, "std": 0.0008349047584390443}}