{"Li2Mn1O8Ti3": -2.8666999340057373, "Li3Mn1O12Ti4": -2.7976579666137695, "Li4Mn3O16Ti5": -2.7346274852752686, "Li4Mn1O8Ti3": -2.5731117725372314, "Li3Mn1O6Ti2": -2.5252866744995117, "Li4Mn4O18Ti5": -2.6669158935546875, "Li1Mn1O4Ti1": -2.645179271697998, "Li2Mn1O4Ti1": -2.4539527893066406, "Li5Mn3O10Ti2": -2.38464093208313, "Li4Mn3O10Ti2": -2.4801313877105713, "Li4Mn5O18Ti4": -2.5806448459625244, "Li3Mn3O10Ti2": -2.6305532455444336, "Li4Mn5O16Ti3": -2.5367000102996826, "Li2Mn3O10Ti2": -2.555691719055176, "Li2Mn2O5Ti1": -2.346038818359375, "Li8Mn7O30Ti6": -2.6167185306549072, "Li1Mn3O10Ti2": -2.3201212882995605, "Li3Mn2O6Ti1": -2.35255765914917, "Li5Mn5O12Ti2": -2.3098251819610596, "Li2Mn2O6Ti1": -2.5683846473693848, "Li4Mn5O12Ti2": -2.3623764514923096, "Li7Mn12O32Ti5": -2.481882333755493, "Li3Mn5O12Ti2": -2.454357862472534, "Li4Mn6O18Ti3": -2.4982657432556152, "Li2Mn1O8V3": -2.5135202407836914, "Li10Mn5O16Ti3": -2.3161115646362305, "Li2Mn5O12Ti2": -2.324329376220703, "Li4Mn3O8Ti1": -2.3113949298858643, "Li3Mn3O8Ti1": -2.3483262062072754, "Li2Mn3O8Ti1": -2.476123094558716, "Li1Mn1O4V1": -2.3850739002227783, "Li4Mn1O8V3": -2.345745325088501, "Li11Mn12O32Ti4": -2.4860641956329346, "Li3Mn1O8V3": -2.4233243465423584, "Li3Mn1O12V4": -2.5828118324279785, "Li3Mn1O6V2": -2.3271782398223877, "Li2Mn1O12V5": -2.377169132232666, "Li4Mn2O12V5": -2.2845427989959717, "Li4Mn2O12V3": -2.5597662925720215, "Li3Mn4O8Ti1": -2.2887299060821533, "Li4Mn3O16V5": -2.425995111465454, "Li5Mn2O12V5": -2.3156278133392334, "Li3Mn1O8V4": -2.29164457321167, "Li5Mn3O8Ti1": -2.299020290374756, "Li3Mn2O12V5": -2.3766605854034424, "Li2Mn1O6V2": -2.4965734481811523, "Cr3Li4Mn1O8": -2.1849639415740967, "Li5Mn8O20Ti2": -2.4620893001556396, "Li5Mn2O10V3": -2.323012590408325, "Li2Mn1O4V1": -2.299694538116455, "Li3Mn2O12V3": -2.5621259212493896, "Cr3Li3Mn1O8": -2.2099738121032715, "Li5Mn1O8V3": -2.322662830352783, "Li8Mn3O12Ti1": -2.418705701828003, "Li4Mn7O18Ti2": -2.4834346771240234, "Li5Mn3O10V2": -2.290006399154663, "Cr2Li3Mn1O6": -2.1849639415740967, "Cr1Li2Mn1O4": -2.1673007011413574, "Li1Mn3O8Ti1": -2.3732621669769287, "Cr3Li2Mn1O8": -2.212334632873535, "Li10Mn3O16V5": -2.2941172122955322, "Li3Mn2O6V1": -2.2291946411132812, "Li4Mn5O16V3": -2.296419382095337, "Li2Mn2O12V3": -2.3739211559295654, "Cr11Li24Mn1O36": -2.2861099243164062, "Cr3Li5Mn1O8": -2.1847970485687256, "Li5Mn5O12V2": -2.2119064331054688, "Li4Mn5O12Ti1": -2.4622225761413574, "Cr2Li2Mn1O6": -2.264058828353882, "Cr1Li1Mn1O4": -2.0946309566497803, "Cr11Li32Mn5O48": -2.2809481620788574, "Cr2Li5Mn3O10": -2.1492366790771484, "Cr4Li3Mn1O8": -2.081151247024536, "Li4Mn3O8V1": -2.1967966556549072, "Cr13Li32Mn3O48": -2.2861099243164062, "Li9Mn7O48V12": -2.4715259075164795, "Cr1Li4Mn1O6": -2.2781031131744385, "Cr1Li4Mn3O8": -2.1119813919067383, "Cr5Li24Mn7O36": -2.271461009979248, "Cr7Li24Mn5O36": -2.2781031131744385, "Cr5Li4Mn1O12": -2.180354356765747, "Li4Mn1O12V3": -2.5617876052856445, "Cr1Li3Mn2O6": -2.1492366790771484, "Cr3Li4Mn3O12": -2.2629036903381348, "Cr3Li32Mn13O48": -2.222996234893799, "Cr5Li32Mn11O48": -2.263380527496338, "Li2Mn3O8V1": -2.2763864994049072, "Cr1Li5Mn2O8": -2.2346203327178955, "Cr5Li4Mn3O16": -2.1234636306762695, "Li5Mn9O20Ti1": -2.41448974609375, "Cr2Li3Mn2O8": -2.1804163455963135, "Cr5Li10Mn3O16": -2.1731903553009033, "Cr1Li24Mn11O36": -2.238163948059082, "Cr2Li5Mn5O12": -2.126404047012329, "Li3Mn4O8V1": -2.2169532775878906, "Cr2Li4Mn3O10": -2.2012593746185303, "Cr2Li4Mn5O12": -2.1309409141540527, "Cr6Li7Mn10O32": -2.1280388832092285, "Cr1Li3Mn4O8": -2.085254669189453, "Cr1Li2Mn3O8": -2.1545040607452393, "Cr3Li8Mn1O12": -2.2861099243164062, "Li4Mn8O18Ti1": -2.409137725830078, "Cr3Li4Mn5O16": -2.183967351913452, "Cr1Li3Mn3O8": -2.137315511703491, "Cr3Li3Mn5O16": -2.045077085494995, "Cr3Li8Mn13O32": -2.207415819168091, "Fe1Li2Mn1O4": -1.8791124820709229, "Fe2Li5Mn3O10": -1.8935673236846924, "Cr1Li8Mn3O12": -2.2374730110168457, "Cr1Li2Mn2O6": -2.287256956100464, "Cr2Li3Mn5O12": -2.098344326019287, "Co1Li7Mn4O12": -1.7799766063690186, "Fe3Li4Mn1O8": -1.8863425254821777, "Fe2Li3Mn1O6": -1.891796350479126, "Cr2Li1Mn1O6": -2.0714261531829834, "Co1Li6Mn3O10": -1.7865970134735107, "Fe2Li5Mn5O12": -1.8697500228881836, "Fe1Li6Mn5O12": -1.8636131286621094, "Fe1Li3Mn4O8": -1.829012393951416, "Cr1Li8Mn15O32": -2.1902973651885986, "Fe1Li3Mn5O12": -1.938178300857544, "Cr3Li2Mn3O12": -2.059443950653076, "Co1Li5Mn2O8": -1.8026378154754639, "Co1Li4Mn3O8": -1.6835439205169678, "Fe2Li4Mn5O12": -1.9261488914489746, "Fe2Li4Mn3O10": -2.0213518142700195, "Fe2Li3Mn4O12": -1.863981008529663, "Fe3Li3Mn1O8": -1.9676833152770996, "Fe3Li8Mn13O32": -1.9413180351257324, "Fe1Li2Mn3O8": -1.937258005142212, "Fe3Li5Mn7O20": -1.86895751953125, "Co1Li6Mn5O12": -1.6942219734191895, "Fe1Li3Mn3O8": -2.063508987426758, "Fe1Li2Mn2O6": -1.9520959854125977, "Fe3Li5Mn2O10": -1.8852481842041016, "Co1Li3Mn4O8": -1.636960506439209, "Cr1Li1Mn3O8": -2.0522313117980957, "Li8Mn15Ni1O32": -1.7916395664215088, "Fe1Li1Mn1O4": -1.8860528469085693, "Fe2Li2Mn5O12": -1.8411614894866943, "Cr2Li1Mn2O8": -2.017183780670166, "Co1Li3Mn2O6": -1.6835005283355713, "Fe3Li4Mn3O12": -1.8767211437225342, "Fe2Li2Mn1O6": -1.9105682373046875, "Fe3Li10Mn5O16": -1.8457741737365723, "Co1Li5Mn5O12": -1.725283145904541, "Li4Mn3Ni1O8": -1.6251740455627441, "Fe2Li3Mn2O8": -2.0440566539764404, "Fe5Li5Mn2O12": -1.8784990310668945, "Fe1Li4Mn5O12": -2.015573740005493, "Co1Li3Mn1O5": -1.7843332290649414, "Cu3Li16Mn15O36": -1.7329826354980469, "Co2Li5Mn5O12": -1.6803054809570312, "Fe2Li3Mn3O10": -1.8725390434265137, "Li3Mn4Ni1O8": -1.5935912132263184, "Fe3Li4Mn5O16": -1.863981008529663, "Fe1Li4Mn3O8": -1.8636131286621094, "Cr3Li2Mn2O12": -2.145519971847534, "Fe1Li3Mn2O6": -1.8636131286621094, "Co1Li2Mn3O8": -1.7489850521087646, "Co1Li3Mn3O8": -1.8979737758636475, "Fe3Li12Mn2O16": -2.0457208156585693, "Co1Li4Mn5O12": -1.8492894172668457, "Fe11Li5Mn8O32": -1.7966909408569336, "Co1Li2Mn1O4": -1.680077314376831, "Li5Mn2Ni1O8": -1.738020896911621, "Fe2Li6Mn1O6": -1.7412590980529785, "Fe3Li8Mn6O18": -1.9299426078796387, "Co2Li5Mn3O10": -1.6991117000579834, "Fe3Li8Mn1O12": -2.025153875350952, "Fe3Li1Mn2O8": -1.7717063426971436, "Fe4Li3Mn1O8": -1.8250815868377686, "Cu1Li4Mn3O8": -1.6703863143920898, "Fe2Li3Mn5O12": -1.877701997756958, "Co3Li7Mn2O12": -1.7188081741333008, "Li9Mn12Ni3O32": -1.7926077842712402, "Li3Mn3Ni1O8": -1.8594677448272705, "Cu1Li3Mn4O8": -1.5946180820465088, "Li3Mn2Ni1O6": -1.639037847518921, "Fe2Li1Mn3O8": -1.7771737575531006, "Li5Mn5Ni2O12": -1.6163413524627686, "Fe3Li2Mn1O8": -1.8642635345458984, "Cr12Li9Mn7O48": -2.1879336833953857, "Co2Li5Mn1O8": -1.793628454208374, "Li2Mn3Ni1O8": -1.6522932052612305, "Li4Mn5Ni1O12": -1.8049752712249756, "Fe17Li5Mn2O32": -1.7752270698547363, "Co1Li2Mn2O6": -1.7636215686798096, "Co2Li4Mn1O7": -1.715972661972046, "Fe4Li4Mn5O18": -1.8489012718200684, "Cu3Li9Mn12O32": -1.8195774555206299, "Cu1Li4Mn5O12": -1.7960896492004395, "Li8Mn12Ni4O31": -1.5794837474822998, "Cu1Li3Mn2O6": -1.6729230880737305, "Fe5Li4Mn3O16": -1.8641784191131592, "Co2Li3Mn5O12": -1.6790730953216553, "Co3Li5Mn2O10": -1.6972510814666748, "Li4Mn5Ni2O12": -1.6450297832489014, "Fe5Li4Mn1O12": -1.945185899734497, "Co5Li9Mn2O16": -1.72580885887146, "Co2Li3Mn1O6": -1.7262697219848633, "Cu1Li2Mn3O8": -1.6664907932281494, "Co3Li4Mn5O16": -1.66087007522583, "Li5Mn3Ni2O10": -1.6485333442687988, "Co3Li4Mn3O12": -1.6856675148010254, "Co2Li3Mn2O8": -1.710071086883545, "Cu2Li4Mn5O12": -1.624213457107544, "Co3Li4Mn2O10": -1.7645561695098877, "Li2Mn1Ni1O4": -1.6376614570617676, "Co3Li4Mn1O8": -1.7285809516906738, "Li2Mn2Ni1O6": -1.7187213897705078, "Li3Mn5Ni2O12": -1.6285736560821533, "Fe3Li2Mn3O12": -1.81919264793396, "Li6Mn5Ni3O16": -1.736100196838379, "Co1Li1Mn1O4": -1.6314470767974854, "Cu5Li7Mn12O32": -1.5565664768218994, "Cu1Li2Mn1O4": -1.655083179473877, "Cu2Li3Mn5O12": -1.6084091663360596, "Co3Li3Mn1O8": -1.7031750679016113, "Co5Li5Mn2O12": -1.6084036827087402,