{"Co3Li1Mn1O8": 0.03370381146669388, "Co5Li4Mn1O12": 0.05957745015621185, "Li2Mn3O8Ti1": 0.05401129648089409, "Li1Mn1Ni1O4": 0.04996113106608391, "Li2Mn1Ni2O6": 0.07501042634248734, "Li4Mn3O16Ti5": 0.03929810971021652, "Fe1Li3Mn3O8": 0.11092247813940048, "Fe4Li4Mn5O18": 0.030495397746562958, "Co3Li2Mn1O8": 0.017077181488275528, "Li5Mn2Ni3O10": 0.047920212149620056, "Li4Mn1O8V3": 0.04759524390101433, "Co3Li4Mn1O8": 0.06471788883209229, "Li3Mn1O12V4": 0.04641326516866684, "Li3Mn2Ni1O6": 0.0430283322930336, "Co1Li2Mn3O8": 0.01786051318049431, "Cr2Li3Mn2O8": 0.03838144615292549, "Li2Mn3O8V1": 0.07903052866458893, "Li4Mn5Ni3O16": 0.013737738132476807, "Cr3Li8Mn1O12": 0.014280878007411957, "Fe1Li3Mn4O8": 0.0883869007229805, "Li2Mn1O4Ti1": 0.04390951991081238, "Co1Li2Mn2O6": 0.05990687012672424, "Fe2Li4Mn3O10": 0.04362896829843521, "Fe3Li8Mn13O32": 0.10242647677659988, "Fe2Li5Mn5O12": 0.06870131194591522, "Li3Mn3O8Ti1": 0.04250360280275345, "Fe3Li5Mn7O20": 0.11011597514152527, "Fe5Li4Mn1O12": 0.07955025136470795, "Co3Li7Mn3O16": 0.06463569402694702, "Fe2Li6Mn1O6": 0.062280282378196716, "Cr1Li3Mn3O8": 0.07009919732809067, "Li9Mn7O48V12": 0.05843847990036011, "Li3Mn1O6V2": 0.058623310178518295, "Cr2Li4Mn5O12": 0.0604882575571537, "Fe3Li8Mn6O18": 0.07915206253528595, "Fe3Li3Mn1O8": 0.08631357550621033, "Li1Mn3O10Ti2": 0.08217835426330566, "Co1Li5Mn2O8": 0.09195531904697418, "Cu3Li3Mn1O8": 0.06805385649204254, "Cu1Li3Mn4O8": 0.07305116206407547, "Cu1Li3Mn2O6": 0.09157908707857132, "Li2Mn1Ni3O8": 0.029807453975081444, "Fe3Li4Mn1O8": 0.012574654072523117, "Li6Mn5Ni3O16": 0.0757586807012558, "Cu2Li1Mn5O12": 0.03872548043727875, "Li3Mn1Ni2O6": 0.04833265766501427, "Cu3Li2Mn1O8": 0.0759320929646492, "Cr3Li3Mn1O8": 0.024794742465019226, "Cr1Li8Mn3O12": 0.09917722642421722, "Co3Li5Mn2O10": 0.06034639850258827, "Li1Mn1O4V1": 0.07529857754707336, "Cu3Li16Mn15O36": 0.08122577518224716, "Co2Li3Mn1O6": 0.055985406041145325, "Li2Mn3Ni1O8": 0.013768769800662994, "Li3Mn4Ni1O8": 0.07363535463809967, "Li2Mn5O12Ti2": 0.08758173882961273, "Li5Mn3O8Ti1": 0.03558286651968956, "Co1Li2Mn2O8": 0.06536981463432312, "Co2Li4Mn1O7": 0.08804560452699661, "Fe3Li4Mn5O16": 0.03290257230401039, "Cr2Li5Mn5O12": 0.04950317367911339, "Co1Li1Mn1O4": 0.022157937288284302, "Li3Mn4O8Ti1": 0.0464024655520916, "Li4Mn5Ni2O12": 0.02606770768761635, "Cu3Li9Mn12O32": 0.0501021184027195, "Li5Mn2Ni1O8": 0.08423733711242676, "Li3Mn2O12V5": 0.01093994453549385, "Cr1Li2Mn1O4": 0.01618150621652603, "Cr7Li24Mn5O36": 0.07388553023338318, "Fe5Li5Mn2O12": 0.03194233775138855, "Cu1Li1Mn1O4": 0.021938446909189224, "Li1Mn3O8Ti1": 0.09600658714771271, "Co1Li3Mn1O5": 0.057280100882053375, "Cr1Li2Mn2O6": 0.0655633807182312, "Li3Mn1O6Ti2": 0.08130262792110443, "Li4Mn1Ni5O12": 0.030541107058525085, "Co3Li3Mn1O8": 0.08983848243951797, "Cr2Li2Mn1O6": 0.05527891591191292, "Fe3Li8Mn1O12": 0.09060110151767731, "Li2Mn2O12V3": 0.047746043652296066, "Li2Mn2O5Ti1": 0.042784593999385834, "Li3Mn2O6V1": 0.06605671346187592, "Li2Mn2Ni1O6": 0.04433322697877884, "Li9Mn12Ni3O32": 0.022698741406202316, "Co2Li5Mn1O8": 0.0678936019539833, "Fe1Li2Mn2O6": 0.08792984485626221, "Cr3Li32Mn13O48": 0.1000218316912651, "Co1Li5Mn5O12": 0.02012491226196289, "Co1Li4Mn3O8": 0.02681400254368782, "Li4Mn4O18Ti5": 0.046850237995386124, "Cu2Li3Mn1O6": 0.05989653617143631, "Co4Li3Mn1O8": 0.08624573051929474, "Cr2Li3Mn5O12": 0.06952833384275436, "Co3Li4Mn3O12": 0.061399899423122406, "Cr5Li4Mn1O12": 0.05508377030491829, "Cr4Li3Mn1O8": 0.06858640909194946, "Cu3Li4Mn5O16": 0.03765871375799179, "Li2Mn1O8Ti3": 0.053036101162433624, "Cu3Li5Mn2O10": 0.059293076395988464, "Li4Mn5O16V3": 0.032729849219322205, "Fe1Li3Mn2O6": 0.04560935124754906, "Cu2Li4Mn5O12": 0.04295122250914574, "Li8Mn15Ni1O32": 0.04155513644218445, "Li4Mn3Ni3O12": 0.058863673359155655, "Co1Li3Mn4O8": 0.02737613394856453, "Fe2Li2Mn1O6": 0.08744963258504868, "Cu3Li4Mn1O8": 0.05869481712579727, "Fe2Li3Mn2O8": 0.04675727337598801, "Li5Mn8O20Ti2": 0.06836359947919846, "Li2Mn1O8V3": 0.02744574099779129, "Co5Li4Mn2O12": 0.09301088750362396, "Co2Li3Mn2O8": 0.06248276308178902, "Fe2Li3Mn1O6": 0.019386567175388336, "Li4Mn3O8Ti1": 0.02932243049144745, "Li4Mn2Ni5O12": 0.07301032543182373, "Li2Mn1O6V2": 0.07286543399095535, "Fe3Li2Mn1O8": 0.03960363194346428, "Cr1Li4Mn3O8": 0.05434615910053253, "Cr3Li5Mn1O8": 0.007330913096666336, "Co1Li7Mn4O12": 0.09720596671104431, "Li3Mn2O6Ti1": 0.03242795169353485, "Fe2Li2Mn5O12": 0.03664148226380348, "Li3Mn3Ni1O8": 0.08210563659667969, "Li3Mn1Ni3O8": 0.05949538201093674, "Fe1Li2Mn1O4": 0.028348948806524277, "Li1Mn3Ni1O8": 0.060094673186540604, "Li4Mn5O12Ti2": 0.046598169952631, "Li4Mn5O12Ti1": 0.06832492351531982, "Cr1Li5Mn2O8": 0.09533743560314178, "Co1Li2Mn1O4": 0.04648327827453613, "Co1Li1Mn2O6": 0.028501205146312714, "Cr1Li1Mn3O8": 0.02690017968416214, "Co2Li5Mn3O10": 0.027264613658189774, "Cr5Li32Mn11O48": 0.09759107977151871, "Fe3Li1Mn2O8": 0.09853386878967285, "Li2Mn3O10Ti2": 0.06022796407341957, "Li2Mn1O4V1": 0.07591031491756439, "Fe3Li2Mn3O12": 0.04990655183792114, "Cr5Li4Mn3O16": 0.05422508344054222, "Fe2Li1Mn3O8": 0.0653594434261322, "Fe1Li4Mn5O12": 0.10086418688297272, "Cr3Li4Mn1O8": 0.007450412958860397, "Cr3Li3Mn5O16": 0.02162795141339302, "Co1Li6Mn5O12": 0.017724893987178802, "Cu5Li5Mn2O12": 0.05100664496421814, "Li2Mn1Ni1O4": 0.058772407472133636, "Cr3Li4Mn5O16": 0.05192723870277405, "Fe1Li4Mn3O8": 0.07591339945793152, "Co2Li2Mn1O6": 0.09196354448795319, "Cu1Li2Mn3O8": 0.04790933430194855, "Cr1Li4Mn1O6": 0.0837763175368309, "Li8Mn1Ni7O16": 0.02462640032172203, "Li4Mn7O18Ti2": 0.05342063680291176, "Li7Mn12O32Ti5": 0.05392898991703987, "Co5Li4Mn3O16": 0.0247298963367939, "Li5Mn2Ni5O12": 0.03936859220266342, "Li3Mn1Ni4O8": 0.023869138211011887, "Cu1Li2Mn1O4": 0.07187724858522415, "Co1Li6Mn3O10": 0.09616266191005707, "Li3Mn1O8V3": 0.06893319636583328, "Cr1Li8Mn15O32": 0.05785751715302467, "Co5Li9Mn2O16": 0.068459153175354, "Li3Mn1O8V4": 0.056655995547771454, "Li5Mn2O10V3": 0.06442300975322723, "Li1Mn1O4Ti1": 0.04577857255935669, "Li3Mn3O10Ti2": 0.04260925203561783, "Li4Mn8O18Ti1": 0.06214408576488495, "Li4Mn3O8V1": 0.06208408251404762, "Co3Li2Mn3O12": 0.03341362625360489, "Fe17Li5Mn2O32": 0.05574950575828552, "Cr3Li4Mn3O12": 0.049450457096099854, "Li4Mn1O8Ti3": 0.0847679004073143, "Cr6Li7Mn10O32": 0.021274376660585403, "Co1Li3Mn2O6": 0.026583068072795868, "Cr5Li24Mn7O36": 0.09034702926874161, "Li4Mn5O16Ti3": 0.05029856041073799, "Fe1Li1Mn1O4": 0.05648648366332054, "Li10Mn5O16Ti3": 0.04387056082487106, "Cr1Li3Mn4O8": 0.053854696452617645, "Li3Mn2Ni5O12": 0.030438106507062912, "Fe2Li3Mn4O12": 0.033389896154403687, "Cu1Li4Mn5O12": 0.06704556941986084, "Cu5Li7Mn12O32": 0.04127088189125061, "Co1Li3Mn3O8": 0.0016533061861991882, "Li2Mn2O6Ti1": 0.04129853844642639, "Li3Mn5O12Ti2": 0.04999709874391556, "Li6Mn1Ni7O16": 0.03854890540242195, "Cu3Li4Mn2O10": 0.06683595478534698, "Cr3Li8Mn13O32": 0.061395350843667984, "Cr1Li3Mn2O6": 0.0747700035572052, "Li5Mn3O10V2": 0.0784766674041748, "Co1Li4Mn5O12": 0.033366017043590546, "Cr11Li32Mn5O48": 0.05869929865002632, "Li3Mn1O12Ti4": 0.06793764978647232, "Li8Mn12Ni4O31": 0.014112405478954315, "Li5Mn5O12Ti2": 0.03975144773721695, "Li3Mn2Ni2O8": 0.06006956845521927, "Cu2Li2Mn5O12": 0.040792547166347504, "Cu1Li2Mn2O6": 0.036653392016887665, "Li5Mn1O8V3": 0.05420055612921715, "Li1Mn2Ni1O6": 0.019966263324022293, "Li4Mn5O18Ti4": 0.06088642030954361, "Li5Mn3Ni2O10": 0.04716482385993004, "Cu1Li4Mn3O8": 0.09076335281133652, "Li4Mn1O12V3": 0.06325962394475937, "Li4Mn3Ni1O8": 0.07806657254695892, "Co3Li7Mn2O12": 0.06746727228164673, "Li4Mn2Ni3O10": 0.05679749697446823, "Co5Li5Mn2O12": 0.1010373905301094, "Li5Mn3O10Ti2": 0.035197168588638306, "Cr1Li2Mn3O8": 0.058720242232084274, "Fe5Li4Mn3O16": 0.07033030688762665, "Li1Mn3Ni2O8": 0.061450086534023285, "Li4Mn1Ni4O10": 0.04639323055744171, "Cr1Li1Mn1O4": 0.05686134472489357, "Li4Mn3O10Ti2": 0.03566090762615204, "Cr2Li1Mn1O6": 0.04288642108440399, "Cr3Li2Mn2O12": 0.039605408906936646,