{"mae": {"mean": 0.3680853682811135, "std": 0.015432213196552167}}