{"mae": {"mean": 0.1690762515963486, "std": 0.0021206580087023913}}