{"mae": {"mean": 0.08932169971787751, "std": 0.0007299318361198701}}