{"mae": {"mean": 0.07685984720844469, "std": 0.0008546028496032801}}