{"mae": {"mean": 0.0626175030127869, "std": 0.00047974947523776046}}