{"Co1Li1Mn1O4": 0.05664697289466858, "Co1Li1Mn2O6": 0.06020119786262512, "Co1Li2Mn1O4": 0.059733450412750244, "Co1Li2Mn2O6": 0.059733450412750244, "Co1Li2Mn2O8": 0.05920872092247009, "Co1Li2Mn3O8": 0.055624186992645264, "Co1Li3Mn1O5": 0.05665743350982666, "Co1Li3Mn2O6": 0.059733450412750244, "Co1Li3Mn3O8": 0.059733450412750244, "Co1Li3Mn4O8": 0.055877745151519775, "Co1Li4Mn3O8": 0.059733450412750244, "Co1Li4Mn5O12": 0.059733450412750244, "Co1Li5Mn2O8": 0.053317487239837646, "Co1Li5Mn5O12": 0.059733450412750244, "Co1Li6Mn3O10": 0.05665743350982666, "Co1Li6Mn5O12": 0.059733450412750244, "Co1Li7Mn4O12": 0.056862980127334595, "Co2Li1Mn2O8": 0.0684824287891388, "Co2Li2Mn1O6": 0.06075623631477356, "Co2Li3Mn1O6": 0.06075623631477356, "Co2Li3Mn2O8": 0.059733450412750244, "Co2Li3Mn5O12": 0.059733450412750244, "Co2Li4Mn1O7": 0.06075623631477356, "Co2Li5Mn1O8": 0.053317487239837646, "Co2Li5Mn3O10": 0.059733450412750244, "Co2Li5Mn5O12": 0.059733450412750244, "Co3Li1Mn1O8": 0.0684824287891388, "Co3Li2Mn1O8": 0.05664697289466858, "Co3Li2Mn3O12": 0.06122398376464844, "Co3Li3Mn1O8": 0.06075623631477356, "Co3Li4Mn1O8": 0.06075623631477356, "Co3Li4Mn2O10": 0.06075623631477356, "Co3Li4Mn3O12": 0.059733450412750244, "Co3Li4Mn5O16": 0.055624186992645264, "Co3Li5Mn2O10": 0.06075623631477356, "Co3Li7Mn2O12": 0.059733450412750244, "Co3Li7Mn3O16": 0.059733450412750244, "Co4Li3Mn1O8": 0.06075623631477356, "Co5Li4Mn1O12": 0.06075623631477356, "Co5Li4Mn2O12": 0.06075623631477356, "Co5Li4Mn3O16": 0.05664697289466858, "Co5Li5Mn2O12": 0.06075623631477356, "Co5Li9Mn2O16": 0.06075623631477356, "Cr11Li24Mn1O36": 0.056999772787094116, "Cr11Li32Mn5O48": 0.056999772787094116, "Cr12Li9Mn7O48": 0.06418976187705994, "Cr13Li32Mn3O48": 0.056999772787094116, "Cr1Li1Mn1O4": 0.05822524428367615, "Cr1Li1Mn3O8": 0.06296521425247192, "Cr1Li24Mn11O36": 0.0514661967754364, "Cr1Li2Mn1O4": 0.060264796018600464, "Cr1Li2Mn2O6": 0.06578364968299866, "Cr1Li2Mn3O8": 0.05822524428367615, "Cr1Li3Mn2O6": 0.060264796018600464, "Cr1Li3Mn3O8": 0.06578364968299866, "Cr1Li3Mn4O8": 0.06192794442176819, "Cr1Li4Mn1O6": 0.056999772787094116, "Cr1Li4Mn3O8": 0.060264796018600464, "Cr1Li5Mn2O8": 0.05890381336212158, "Cr1Li8Mn15O32": 0.051768481731414795, "Cr1Li8Mn3O12": 0.05890381336212158, "Cr2Li1Mn1O6": 0.06426358222961426, "Cr2Li1Mn2O8": 0.06296521425247192, "Cr2Li2Mn1O6": 0.06313526630401611, "Cr2Li3Mn1O6": 0.060264796018600464, "Cr2Li3Mn2O8": 0.06313526630401611, "Cr2Li3Mn5O12": 0.06578364968299866, "Cr2Li4Mn3O10": 0.06313526630401611, "Cr2Li4Mn5O12": 0.06578364968299866, "Cr2Li5Mn3O10": 0.060264796018600464, "Cr2Li5Mn5O12": 0.06578364968299866, "Cr3Li2Mn1O8": 0.05910101532936096, "Cr3Li2Mn2O12": 0.06418976187705994, "Cr3Li2Mn3O12": 0.0607394278049469, "Cr3Li32Mn13O48": 0.05890381336212158, "Cr3Li3Mn1O8": 0.06665942072868347, "Cr3Li3Mn5O16": 0.05822524428367615, "Cr3Li4Mn1O8": 0.060264796018600464, "Cr3Li4Mn3O12": 0.06313526630401611, "Cr3Li4Mn5O16": 0.05822524428367615, "Cr3Li5Mn1O8": 0.058360755443573, "Cr3Li8Mn13O32": 0.05822524428367615, "Cr3Li8Mn1O12": 0.056999772787094116, "Cr4Li3Mn1O8": 0.07204657793045044, "Cr5Li10Mn3O16": 0.058360755443573, "Cr5Li24Mn7O36": 0.056999772787094116, "Cr5Li32Mn11O48": 0.05853340029716492, "Cr5Li4Mn1O12": 0.07204657793045044, "Cr5Li4Mn3O16": 0.055576860904693604, "Cr6Li7Mn10O32": 0.05822524428367615, "Cr7Li24Mn5O36": 0.056999772787094116, "Cu1Li1Mn1O4": 0.06282928586006165, "Cu1Li2Mn1O4": 0.06083992123603821, "Cu1Li2Mn2O6": 0.059733450412750244, "Cu1Li2Mn3O8": 0.055624186992645264, "Cu1Li3Mn2O6": 0.05569764971733093, "Cu1Li3Mn4O8": 0.055877745151519775, "Cu1Li4Mn3O8": 0.05639350414276123, "Cu1Li4Mn5O12": 0.059733450412750244, "Cu2Li1Mn5O12": 0.06858325004577637, "Cu2Li2Mn5O12": 0.06282928586006165, "Cu2Li3Mn1O6": 0.06083992123603821, "Cu2Li3Mn5O12": 0.059733450412750244, "Cu2Li4Mn5O12": 0.059733450412750244, "Cu3Li16Mn15O36": 0.059733450412750244, "Cu3Li2Mn1O8": 0.05773606896400452, "Cu3Li3Mn1O8": 0.05978250503540039, "Cu3Li4Mn1O8": 0.06083992123603821, "Cu3Li4Mn2O10": 0.06083992123603821, "Cu3Li4Mn5O16": 0.06076645851135254, "Cu3Li5Mn2O10": 0.06083992123603821, "Cu3Li9Mn12O32": 0.055624186992645264, "Cu5Li5Mn2O12": 0.06091475486755371, "Cu5Li7Mn12O32": 0.05768701434135437, "Fe11Li5Mn8O32": 0.05945661664009094, "Fe17Li5Mn2O32": 0.07509922981262207, "Fe1Li1Mn1O4": 0.056659817695617676, "Fe1Li2Mn1O4": 0.060769081115722656, "Fe1Li2Mn2O6": 0.059733450412750244, "Fe1Li2Mn3O8": 0.055624186992645264, "Fe1Li3Mn2O6": 0.059733450412750244, "Fe1Li3Mn3O8": 0.059733450412750244, "Fe1Li3Mn4O8": 0.055877745151519775, "Fe1Li3Mn5O12": 0.055624186992645264, "Fe1Li4Mn3O8": 0.059733450412750244, "Fe1Li4Mn5O12": 0.059733450412750244, "Fe1Li6Mn5O12": 0.059733450412750244, "Fe2Li1Mn3O8": 0.05872264504432678, "Fe2Li2Mn1O6": 0.061503052711486816, "Fe2Li2Mn5O12": 0.055624186992645264, "Fe2Li3Mn1O6": 0.061503052711486816, "Fe2Li3Mn2O8": 0.060769081115722656, "Fe2Li3Mn3O10": 0.05807974934577942, "Fe2Li3Mn4O12": 0.055624186992645264, "Fe2Li3Mn5O12": 0.059733450412750244, "Fe2Li4Mn3O10": 0.05975341796875, "Fe2Li4Mn5O12": 0.059733450412750244, "Fe2Li5Mn3O10": 0.059733450412750244, "Fe2Li5Mn5O12": 0.059733450412750244, "Fe2Li6Mn1O6": 0.06104111671447754, "Fe3Li10Mn5O16": 0.056862980127334595, "Fe3Li12Mn2O16": 0.049562156200408936, "Fe3Li1Mn2O8": 0.06236138939857483, "Fe3Li2Mn1O8": 0.06029856204986572, "Fe3Li2Mn3O12": 0.061236828565597534, "Fe3Li3Mn1O8": 0.0644078254699707, "Fe3Li4Mn1O8": 0.061503052711486816, "Fe3Li4Mn3O12": 0.060769081115722656, "Fe3Li4Mn5O16": 0.05564415454864502, "Fe3Li5Mn2O10": 0.060769081115722656, "Fe3Li5Mn7O20": 0.055624186992645264, "Fe3Li8Mn13O32": 0.055624186992645264, "Fe3Li8Mn1O12": 0.05365726351737976, "Fe3Li8Mn6O18": 0.059733450412750244, "Fe4Li3Mn1O8": 0.07786288857460022, "Fe4Li4Mn5O18": 0.056659817695617676, "Fe5Li4Mn1O12": 0.0644078254699707, "Fe5Li4Mn3O16": 0.057393789291381836, "Fe5Li5Mn2O12": 0.0644078254699707, "Li10Mn3O16V5": 0.05495893955230713, "Li10Mn5O16Ti3": 0.05495893955230713, "Li11Mn12O32Ti4": 0.059733450412750244, "Li1Mn1Ni1O4": 0.055624186992645264, "Li1Mn1O4Ti1": 0.054468750953674316, "Li1Mn1O4V1": 0.055624186992645264, "Li1Mn2Ni1O6": 0.06020119786262512, "Li1Mn3Ni1O8": 0.06745964288711548, "Li1Mn3Ni2O8": 0.05768701434135437, "Li1Mn3O10Ti2": 0.06158870458602905, "Li1Mn3O8Ti1": 0.06036415696144104, "Li2Mn1Ni1O4": 0.059733450412750244, "Li2Mn1Ni2O6": 0.059733450412750244, "Li2Mn1Ni3O8": 0.05768701434135437, "Li2Mn1O12V5": 0.06024980545043945, "Li2Mn1O4Ti1": 0.056862980127334595, "Li2Mn1O4V1": 0.056862980127334595, "Li2Mn1O6V2": 0.06300032138824463, "Li2Mn1O8Ti3": 0.05560028553009033, "Li2Mn1O8V3": 0.0577356219291687, "Li2Mn2Ni1O6": 0.059733450412750244, "Li2Mn2O12V3": 0.059525877237319946, "Li2Mn2O5Ti1": 0.059733450412750244, "Li2Mn2O6Ti1": 0.059733450412750244, "Li2Mn3Ni1O8": 0.055624186992645264, "Li2Mn3O10Ti2": 0.054468750953674316, "Li2Mn3O8Ti1": 0.055624186992645264, "Li2Mn3O8V1": 0.055624186992645264, "Li2Mn5O12Ti2": 0.055624186992645264, "Li3Mn1Ni2O6": 0.059733450412750244, "Li3Mn1Ni3O8": 0.059733450412750244, "Li3Mn1Ni4O8": 0.05867603421211243, "Li3Mn1O12Ti4": 0.058114469051361084, "Li3Mn1O12V4": 0.06024980545043945, "Li3Mn1O6Ti2": 0.05683907866477966, "Li3Mn1O6V2": 0.056862980127334595, "Li3Mn1O8V3": 0.06184488534927368, "Li3Mn1O8V4": 0.06012985110282898, "Li3Mn2Ni1O6": 0.059733450412750244, "Li3Mn2Ni2O8": 0.059733450412750244, "Li3Mn2Ni5O12": 0.06179627776145935, "Li3Mn2O12V3": 0.05698293447494507, "Li3Mn2O12V5": 0.06300032138824463, "Li3Mn2O6Ti1": 0.056862980127334595, "Li3Mn2O6V1": 0.056862980127334595, "Li3Mn3Ni1O8": 0.059733450412750244, "Li3Mn3O10Ti2": 0.059733450412750244, "Li3Mn3O8Ti1": 0.059733450412750244, "Li3Mn4Ni1O8": 0.055877745151519775, "Li3Mn4O8Ti1": 0.055877745151519775, "Li3Mn4O8V1": 0.055877745151519775, "Li3Mn5Ni2O12": 0.059733450412750244, "Li3Mn5O12Ti2": 0.059733450412750244, "Li4Mn1Ni3O8": 0.059733450412750244, "Li4Mn1Ni4O10": 0.059733450412750244, "Li4Mn1Ni5O12": 0.059733450412750244, "Li4Mn1O12V3": 0.056777387857437134,