{"stats": {"Ed": {"reg": {"abs": {"mean": 0.02779578571807824, "median": 0.024393402159525887, "per": {"1": 0.0006310841143916594, "10": 0.0049842058003978455, "25": 0.012344418642737942, "50": 0.024393402159525887, "75": 0.04007313045864421, "90": 0.052557245227310916, "99": 0.08686556013109074}}, "raw": {"mean": -0.00820940814877055, "median": -0.008251473746216043, "per": {"1": -0.06755692466646253, "10": -0.05129996973662694, "25": -0.035490262642880535, "50": -0.008251473746216043, "75": 0.016218844424467083, "90": 0.032259228127281936, "99": 0.0750315932627402}}, "rmse": 0.033834043420607245, "r2": -0.03410626831450925}, "cl": {"0": {"raw": {"tn": 258, "fp": 0, "fn": 9, "tp": 0}, "scores": {"precision": 0, "recall": 0.0, "f1": 0, "accuracy": 0.9662921348314607, "fpr": 0.0}}}}}, "data": {"Ed": [0.05664697289466858, 0.06020119786262512, 0.059733450412750244, 0.059733450412750244, 0.05920872092247009, 0.055624186992645264, 0.05665743350982666, 0.059733450412750244, 0.059733450412750244, 0.055877745151519775, 0.059733450412750244, 0.059733450412750244, 0.053317487239837646, 0.059733450412750244, 0.05665743350982666, 0.059733450412750244, 0.056862980127334595, 0.0684824287891388, 0.06075623631477356, 0.06075623631477356, 0.059733450412750244, 0.059733450412750244, 0.06075623631477356, 0.053317487239837646, 0.059733450412750244, 0.059733450412750244, 0.0684824287891388, 0.05664697289466858, 0.06122398376464844, 0.06075623631477356, 0.06075623631477356, 0.06075623631477356, 0.059733450412750244, 0.055624186992645264, 0.06075623631477356, 0.059733450412750244, 0.059733450412750244, 0.06075623631477356, 0.06075623631477356, 0.06075623631477356, 0.05664697289466858, 0.06075623631477356, 0.06075623631477356, 0.056999772787094116, 0.056999772787094116, 0.06418976187705994, 0.056999772787094116, 0.05822524428367615, 0.06296521425247192, 0.0514661967754364, 0.060264796018600464, 0.06578364968299866, 0.05822524428367615, 0.060264796018600464, 0.06578364968299866, 0.06192794442176819, 0.056999772787094116, 0.060264796018600464, 0.05890381336212158, 0.051768481731414795, 0.05890381336212158, 0.06426358222961426, 0.06296521425247192, 0.06313526630401611, 0.060264796018600464, 0.06313526630401611, 0.06578364968299866, 0.06313526630401611, 0.06578364968299866, 0.060264796018600464, 0.06578364968299866, 0.05910101532936096, 0.06418976187705994, 0.0607394278049469, 0.05890381336212158, 0.06665942072868347, 0.05822524428367615, 0.060264796018600464, 0.06313526630401611, 0.05822524428367615, 0.058360755443573, 0.05822524428367615, 0.056999772787094116, 0.07204657793045044, 0.058360755443573, 0.056999772787094116, 0.05853340029716492, 0.07204657793045044, 0.055576860904693604, 0.05822524428367615, 0.056999772787094116, 0.06282928586006165, 0.06083992123603821, 0.059733450412750244, 0.055624186992645264, 0.05569764971733093, 0.055877745151519775, 0.05639350414276123, 0.059733450412750244, 0.06858325004577637, 0.06282928586006165, 0.06083992123603821, 0.059733450412750244, 0.059733450412750244, 0.059733450412750244, 0.05773606896400452, 0.05978250503540039, 0.06083992123603821, 0.06083992123603821, 0.06076645851135254, 0.06083992123603821, 0.055624186992645264, 0.06091475486755371, 0.05768701434135437, 0.05945661664009094, 0.07509922981262207, 0.056659817695617676, 0.060769081115722656, 0.059733450412750244, 0.055624186992645264, 0.059733450412750244, 0.059733450412750244, 0.055877745151519775, 0.055624186992645264, 0.059733450412750244, 0.059733450412750244, 0.059733450412750244, 0.05872264504432678, 0.061503052711486816, 0.055624186992645264, 0.061503052711486816, 0.060769081115722656, 0.05807974934577942, 0.055624186992645264, 0.059733450412750244, 0.05975341796875, 0.059733450412750244, 0.059733450412750244, 0.059733450412750244, 0.06104111671447754, 0.056862980127334595, 0.049562156200408936, 0.06236138939857483, 0.06029856204986572, 0.061236828565597534, 0.0644078254699707, 0.061503052711486816, 0.060769081115722656, 0.05564415454864502, 0.060769081115722656, 0.055624186992645264, 0.055624186992645264, 0.05365726351737976, 0.059733450412750244, 0.07786288857460022, 0.056659817695617676, 0.0644078254699707, 0.057393789291381836, 0.0644078254699707, 0.05495893955230713, 0.05495893955230713, 0.059733450412750244, 0.055624186992645264, 0.054468750953674316, 0.055624186992645264, 0.06020119786262512, 0.06745964288711548, 0.05768701434135437, 0.06158870458602905, 0.06036415696144104, 0.059733450412750244, 0.059733450412750244, 0.05768701434135437, 0.06024980545043945, 0.056862980127334595, 0.056862980127334595, 0.06300032138824463, 0.05560028553009033, 0.0577356219291687, 0.059733450412750244, 0.059525877237319946, 0.059733450412750244, 0.059733450412750244, 0.055624186992645264, 0.054468750953674316, 0.055624186992645264, 0.055624186992645264, 0.055624186992645264, 0.059733450412750244, 0.059733450412750244, 0.05867603421211243, 0.058114469051361084, 0.06024980545043945, 0.05683907866477966, 0.056862980127334595, 0.06184488534927368, 0.06012985110282898, 0.059733450412750244, 0.059733450412750244, 0.06179627776145935, 0.05698293447494507, 0.06300032138824463, 0.056862980127334595, 0.056862980127334595, 0.059733450412750244, 0.059733450412750244, 0.059733450412750244, 0.055877745151519775, 0.055877745151519775, 0.055877745151519775, 0.059733450412750244, 0.059733450412750244, 0.059733450412750244, 0.059733450412750244, 0.059733450412750244, 0.056777387857437134, 0.056468665599823, 0.06012985110282898, 0.059733450412750244, 0.059733450412750244, 0.054468750953674316, 0.06300032138824463, 0.059733450412750244, 0.059733450412750244, 0.059733450412750244, 0.05560028553009033, 0.0577356219291687, 0.056862980127334595, 0.056862980127334595, 0.05560028553009033, 0.059733450412750244, 0.059733450412750244, 0.055624186992645264, 0.059733450412750244, 0.059733450412750244, 0.055624186992645264, 0.055624186992645264, 0.054468750953674316, 0.055624186992645264, 0.055624186992645264, 0.051768481731414795, 0.059733450412750244, 0.04262927174568176, 0.053317487239837646, 0.059733450412750244, 0.059733450412750244, 0.056862980127334595, 0.06012985110282898, 0.059733450412750244, 0.056862980127334595, 0.056862980127334595, 0.05495893955230713, 0.059733450412750244, 0.059733450412750244, 0.059733450412750244, 0.055624186992645264, 0.051768481731414795, 0.059733450412750244, 0.059733450412750244, 0.055624186992645264, 0.059733450412750244, 0.051768481731414795, 0.059733450412750244, 0.049562156200408936, 0.054468750953674316, 0.055624186992645264, 0.059525877237319946],