{"Li4Mn1Ni5O12": -1.29621, "Li6Mn1Ni7O16": -1.33751, "Cu3Li2Mn1O8": -1.33971, "Li2Mn1Ni3O8": -1.34627, "Li3Mn2Ni5O12": -1.414, "Li4Mn1Ni4O10": -1.43701, "Cu3Li3Mn1O8": -1.47047, "Li3Mn1Ni3O8": -1.45858, "Li4Mn2Ni5O12": -1.50338, "Li2Mn1Ni2O6": -1.49236, "Li8Mn1Ni7O16": -1.47207, "Li3Mn1Ni4O8": -1.47784, "Co3Li1Mn1O8": -1.49871, "Cu5Li5Mn2O12": -1.57639, "Li5Mn1Ni4O10": -1.5449, "Li4Mn1Ni3O8": -1.59584, "Co5Li4Mn1O12": -1.62613, "Co1Li2Mn2O8": -1.62135, "Li4Mn2Ni3O10": -1.61293, "Li5Mn2Ni5O12": -1.59981, "Cu3Li4Mn1O8": -1.60124, "Cu1Li1Mn1O4": -1.63607, "Li1Mn2Ni1O6": -1.63126, "Cu2Li3Mn1O6": -1.67064, "Li1Mn1Ni1O4": -1.62624, "Co2Li1Mn2O8": -1.64166, "Cu3Li4Mn2O10": -1.64381, "Li4Mn3Ni3O12": -1.66844, "Li1Mn3Ni1O8": -1.68132, "Cu2Li1Mn5O12": -1.67199, "Li1Mn3Ni2O8": -1.65102, "Li3Mn1Ni2O6": -1.66594, "Cu3Li4Mn5O16": -1.7082, "Co3Li2Mn1O8": -1.7099, "Li3Mn2Ni2O8": -1.70732, "Li4Mn5Ni3O16": -1.71124, "Co5Li4Mn3O16": -1.72698, "Co4Li3Mn1O8": -1.70986, "Co3Li2Mn3O12": -1.7165, "Co5Li4Mn2O12": -1.73687, "Co2Li2Mn1O6": -1.71506, "Co1Li1Mn2O6": -1.76961, "Li5Mn2Ni3O10": -1.73851, "Cu3Li5Mn2O10": -1.73329, "Cu1Li2Mn2O6": -1.78264, "Cu2Li2Mn5O12": -1.74279, "Co5Li5Mn2O12": -1.79169, "Co3Li7Mn3O16": -1.76794, "Co3Li3Mn1O8": -1.79989, "Co3Li4Mn1O8": -1.81827, "Li2Mn2Ni1O6": -1.79596, "Li3Mn5Ni2O12": -1.84047, "Li6Mn5Ni3O16": -1.78418, "Fe3Li2Mn3O12": -1.81415, "Co1Li1Mn1O4": -1.8229, "Cu5Li7Mn12O32": -1.81081, "Cu1Li2Mn1O4": -1.79004, "Cu2Li3Mn5O12": -1.82124, "Li2Mn1Ni1O4": -1.82508, "Co3Li4Mn2O10": -1.84774, "Co5Li9Mn2O16": -1.86318, "Co2Li3Mn1O6": -1.89826, "Co3Li4Mn5O16": -1.86876, "Li5Mn3Ni2O10": -1.84592, "Cu1Li2Mn3O8": -1.87011, "Co3Li4Mn3O12": -1.86992, "Co2Li3Mn2O8": -1.88144, "Cu2Li4Mn5O12": -1.87679, "Co2Li4Mn1O7": -1.9012, "Fe4Li4Mn5O18": -1.90242, "Li4Mn5Ni2O12": -1.87433, "Cu3Li9Mn12O32": -1.89671, "Cu1Li4Mn5O12": -1.9174, "Fe5Li4Mn1O12": -1.8862, "Li8Mn12Ni4O31": -1.90306, "Cu1Li3Mn2O6": -1.8942, "Fe5Li4Mn3O16": -1.93343, "Co2Li3Mn5O12": -1.90593, "Co3Li5Mn2O10": -1.89174, "Co2Li5Mn1O8": -1.89622, "Co3Li7Mn2O12": -1.92043, "Li3Mn3Ni1O8": -1.93139, "Li9Mn12Ni3O32": -1.93479, "Cu1Li3Mn4O8": -1.95567, "Li2Mn3Ni1O8": -1.91169, "Li3Mn2Ni1O6": -1.94881, "Fe2Li1Mn3O8": -1.97995, "Li4Mn5Ni1O12": -1.91178, "Cu1Li4Mn3O8": -1.95615, "Li5Mn5Ni2O12": -1.92279, "Fe3Li2Mn1O8": -1.95818, "Fe17Li5Mn2O32": -1.89502, "Co1Li2Mn2O6": -1.93669, "Cr12Li9Mn7O48": -1.95345, "Co1Li2Mn1O4": -1.94862, "Co1Li2Mn3O8": -1.96226, "Li5Mn2Ni1O8": -1.93225, "Fe2Li6Mn1O6": -1.93373, "Fe3Li8Mn6O18": -2.0619, "Co2Li5Mn3O10": -1.93899, "Co1Li3Mn3O8": -2.02127, "Fe3Li8Mn1O12": -1.91283, "Fe3Li12Mn2O16": -1.96362, "Fe3Li1Mn2O8": -1.93962, "Fe4Li3Mn1O8": -1.98684, "Co1Li4Mn5O12": -1.95728, "Fe11Li5Mn8O32": -1.95758, "Cr3Li2Mn2O12": -1.98554, "Fe1Li3Mn2O6": -2.07097, "Fe2Li3Mn5O12": -2.00619, "Co1Li3Mn2O6": -2.00783, "Co1Li3Mn1O5": -1.9554, "Fe3Li4Mn3O12": -2.01957, "Fe2Li2Mn1O6": -1.99518, "Fe3Li10Mn5O16": -2.04626, "Co1Li5Mn5O12": -2.0268, "Cu3Li16Mn15O36": -1.96533, "Li4Mn3Ni1O8": -1.99318, "Co2Li5Mn5O12": -1.99169, "Fe2Li3Mn2O8": -2.02791, "Fe2Li3Mn3O10": -1.98048, "Fe5Li5Mn2O12": -1.9971, "Li3Mn4Ni1O8": -1.98029, "Fe3Li4Mn5O16": -1.9808, "Fe1Li4Mn5O12": -2.01459, "Fe1Li4Mn3O8": -2.10774, "Fe1Li2Mn2O6": -2.04029, "Fe1Li1Mn1O4": -2.00894, "Fe2Li2Mn5O12": -2.00007, "Fe3Li5Mn2O10": -2.06606, "Co1Li3Mn4O8": -2.01766, "Cr1Li1Mn3O8": -2.00942, "Li8Mn15Ni1O32": -2.04286, "Fe3Li5Mn7O20": -2.03481, "Cr2Li1Mn2O8": -2.01163, "Fe1Li3Mn3O8": -2.06281, "Co1Li5Mn2O8": -2.05912, "Co1Li4Mn3O8": -2.03333, "Co1Li6Mn3O10": -2.07796, "Fe2Li4Mn5O12": -2.03652, "Fe2Li4Mn3O10": -2.03801, "Fe2Li3Mn4O12": -2.03656, "Fe1Li3Mn4O8": -2.06824, "Fe3Li3Mn1O8": -2.0217, "Fe3Li8Mn13O32": -2.05563, "Fe1Li3Mn5O12": -2.06167, "Fe1Li2Mn3O8": -2.0461, "Cr3Li2Mn3O12": -2.08418, "Co1Li6Mn5O12": -2.04203, "Co1Li7Mn4O12": -2.09339, "Fe3Li4Mn1O8": -2.06424, "Fe2Li5Mn5O12": -2.06597, "Fe1Li6Mn5O12": -2.07497, "Cr1Li8Mn15O32": -2.09087, "Fe2Li3Mn1O6": -2.07236, "Cr2Li1Mn1O6": -2.08327, "Cr1Li3Mn3O8": -2.17595, "Fe1Li2Mn1O4": -2.09126, "Fe2Li5Mn3O10": -2.09043, "Cr1Li8Mn3O12": -2.08351, "Cr1Li2Mn2O6": -2.12552, "Cr3Li3Mn5O16": -2.1266, "Cr3Li8Mn13O32": -2.13555, "Cr2Li3Mn5O12": -2.14179, "Cr3Li8Mn1O12": -2.12091, "Cr6Li7Mn10O32": -2.16341, "Li4Mn8O18Ti1": -2.15522, "Cr1Li3Mn4O8": -2.15004, "Cr3Li4Mn5O16": -2.14585, "Cr1Li2Mn3O8": -2.15771, "Cr5Li10Mn3O16": -2.19202, "Cr1Li24Mn11O36": -2.19472, "Li3Mn4O8V1": -2.1884, "Cr2Li5Mn5O12": -2.19041, "Cr2Li4Mn3O10": -2.19004, "Cr2Li4Mn5O12": -2.16011, "Cr1Li4Mn3O8": -2.19003, "Li2Mn3O8V1": -2.20731, "Cr1Li5Mn2O8": -2.22869, "Cr4Li3Mn1O8": -2.235, "Cr1Li4Mn1O6": -2.2164, "Cr7Li24Mn5O36": -2.21997, "Cr5Li4Mn1O12": -2.23582, "Cr5Li4Mn3O16": -2.21042, "Li4Mn1O12V3": -2.19154, "Cr1Li3Mn2O6": -2.21649, "Li5Mn9O20Ti1": -2.21818, "Cr3Li32Mn13O48": -2.19872, "Cr5Li24Mn7O36": -2.21178, "Cr5Li32Mn11O48": -2.20647, "Cr3Li4Mn3O12": -2.2202, "Cr2Li3Mn2O8": -2.21651, "Cr1Li1Mn1O4": -2.21947, "Li2Mn2O12V3": -2.25732, "Cr11Li32Mn5O48": -2.23061, "Cr2Li5Mn3O10": -2.21971, "Cr3Li5Mn1O8": -2.23895, "Li5Mn5O12V2": -2.23908, "Cr11Li24Mn1O36": -2.24759, "Li4Mn5O12Ti1": -2.24253, "Cr13Li32Mn3O48": -2.23995, "Li4Mn3O8V1": -2.22583, "Cr2Li2Mn1O6": -2.25222, "Li9Mn7O48V12": -2.21795, "Cr3Li2Mn1O8": -2.2469, "Li1Mn3O8Ti1": -2.27582, "Li10Mn3O16V5": -2.26562, "Li3Mn2O6V1": -2.26838, "Li4Mn5O16V3": -2.24056, "Cr1Li2Mn1O4": -2.25668, "Cr3Li3Mn1O8": -2.29141, "Li5Mn1O8V3": -2.32417, "Li8Mn3O12Ti1": -2.28301, "Li4Mn7O18Ti2": -2.31024, "Li5Mn3O10V2": -2.30495, "Cr2Li3Mn1O6": -2.2979, "Li2Mn1O4V1": -2.32192, "Cr3Li4Mn1O8": -2.31611, "Li5Mn8O20Ti2": -2.34481, "Li5Mn2O10V3": -2.32162, "Li3Mn2O12V3": -2.31284, "Li5Mn3O8Ti1": -2.36275, "Li4Mn2O12V5": -2.34776, "Li3Mn2O12V5": -2.35708, "Li2Mn1O6V2": -2.35777, "Li4Mn2O12V3": -2.35971, "Li3Mn4O8Ti1": -2.36059, "Li4Mn3O16V5": -2.34773, "Li5Mn2O12V5": -2.34724, "Li3Mn1O8V4": -2.32875, "Li3Mn1O8V3": -2.38525, "Li3Mn1O6V2": -2.37305, "Li3Mn1O12V4": -2.39271, "Li2Mn1O12V5": -2.37223, "Li1Mn1O4V1": -2.39582, "Li3Mn3O8Ti1": -2.41516, "Li4Mn1O8V3": -2.39406, "Li11Mn12O32Ti4": -2.41073, "Li2Mn3O8Ti1": -2.41343, "Li4Mn3O8Ti1": -2.41934, "Li2Mn5O12Ti2": -2.45787, "Li10Mn5O16Ti3": -2.46751, "Li2Mn1O8V3": -2.41256, "Li4Mn5O12Ti2": -2.48363, "Li3Mn5O12Ti2": -2.48692, "Li4Mn6O18Ti3": -2.45583, "Li7Mn12O32Ti5": -2.48399, "Li3Mn2O6Ti1": -2.52726, "Li5Mn5O12Ti2": -2.48341, "Li2Mn2O6Ti1": -2.4659, "Li1Mn3O10Ti2": -2.52203, "Li8Mn7O30Ti6": -2.55638, "Li2Mn3O10Ti2": -2.58863, "Li2Mn2O5Ti1": -2.52941, "Li4Mn5O16Ti3": -2.56171, "Li3Mn3O10Ti2": -2.61164, "Li5Mn3O10Ti2": -2.60124, "Li4Mn3O10Ti2": -2.59901, "Li4Mn5O18Ti4": -2.60927, "Li2Mn1O4Ti1": -2.68092, "Li1Mn1O4Ti1": -2.73705, "Li4Mn4O18Ti5": -2.76853, "Li3Mn1O6Ti2": -2.77345, "Li4Mn1O8Ti3": -2.80201, "Li3Mn1O12Ti4": -2.93485, "Li4Mn3O16Ti5": -2.88682, "Li2Mn1O8Ti3": -3.0929}