{"mae": {"mean": 0.3461102912306036, "std": 0.014012611391245136}}