{"mae": {"mean": 0.21902321011002052, "std": 0.005755027682128128}}