{"mae": {"mean": 0.15207401504637655, "std": 0.0016434264310437182}}