{"mae": {"mean": 0.14340155198972307, "std": 0.0008526660139319237}}