{"mae": {"mean": 0.13496020257313873, "std": 0.0006290635428259919}}