{"stats": {"Ed": {"reg": {"abs": {"mean": 0.02907782381401151, "median": 0.02224993877875612, "per": {"1": 0.000967579256339595, "10": 0.00514847315902637, "25": 0.010099186409812819, "50": 0.02224993877875612, "75": 0.04083760600609484, "90": 0.06141741985609997, "99": 0.10663353615100823}}, "raw": {"mean": -0.004398142747535314, "median": -0.003913876326128364, "per": {"1": -0.0992375196483961, "10": -0.053318606377843955, "25": -0.023696589921885988, "50": -0.003913876326128364, "75": 0.018331471660721268, "90": 0.038408717582964505, "99": 0.09588440192538727}}, "rmse": 0.038084495226421204, "r2": -0.3102488090506186}, "cl": {"0": {"raw": {"tn": 258, "fp": 0, "fn": 9, "tp": 0}, "scores": {"precision": 0, "recall": 0.0, "f1": 0, "accuracy": 0.9662921348314607, "fpr": 0.0}}}}}, "data": {"Ed": [0.022157937288284302, 0.028501205146312714, 0.04648327827453613, 0.05990687012672424, 0.06536981463432312, 0.01786051318049431, 0.057280100882053375, 0.026583068072795868, 0.0016533061861991882, 0.02737613394856453, 0.02681400254368782, 0.033366017043590546, 0.09195531904697418, 0.02012491226196289, 0.09616266191005707, 0.017724893987178802, 0.09720596671104431, 0.058668408542871475, 0.09196354448795319, 0.055985406041145325, 0.06248276308178902, 0.06453175842761993, 0.08804560452699661, 0.0678936019539833, 0.027264613658189774, 0.02884286269545555, 0.03370381146669388, 0.017077181488275528, 0.03341362625360489, 0.08983848243951797, 0.06471788883209229, 0.07907435297966003, 0.061399899423122406, 0.050566039979457855, 0.06034639850258827, 0.06746727228164673, 0.06463569402694702, 0.08624573051929474, 0.05957745015621185, 0.09301088750362396, 0.0247298963367939, 0.1010373905301094, 0.068459153175354, 0.010636251419782639, 0.05869929865002632, 0.05140763521194458, 0.012019336223602295, 0.05686134472489357, 0.02690017968416214, 0.09994164109230042, 0.01618150621652603, 0.0655633807182312, 0.058720242232084274, 0.0747700035572052, 0.07009919732809067, 0.053854696452617645, 0.0837763175368309, 0.05434615910053253, 0.09533743560314178, 0.05785751715302467, 0.09917722642421722, 0.04288642108440399, 0.03568387031555176, 0.05527891591191292, 0.004922725260257721, 0.03838144615292549, 0.06952833384275436, 0.062226325273513794, 0.0604882575571537, 0.07769370079040527, 0.04950317367911339, 0.049280617386102676, 0.039605408906936646, 0.025881335139274597, 0.1000218316912651, 0.024794742465019226, 0.02162795141339302, 0.007450412958860397, 0.049450457096099854, 0.05192723870277405, 0.007330913096666336, 0.061395350843667984, 0.014280878007411957, 0.06858640909194946, 0.054913479834795, 0.09034702926874161, 0.09759107977151871, 0.05508377030491829, 0.05422508344054222, 0.021274376660585403, 0.07388553023338318, 0.021938446909189224, 0.07187724858522415, 0.036653392016887665, 0.04790933430194855, 0.09157908707857132, 0.07305116206407547, 0.09076335281133652, 0.06704556941986084, 0.03872548043727875, 0.040792547166347504, 0.05989653617143631, 0.041909195482730865, 0.04295122250914574, 0.08122577518224716, 0.0759320929646492, 0.06805385649204254, 0.05869481712579727, 0.06683595478534698, 0.03765871375799179, 0.059293076395988464, 0.0501021184027195, 0.05100664496421814, 0.04127088189125061, 0.07788797467947006, 0.05574950575828552, 0.05648648366332054, 0.028348948806524277, 0.08792984485626221, 0.11482422798871994, 0.04560935124754906, 0.11092247813940048, 0.0883869007229805, 0.09254533797502518, 0.07591339945793152, 0.10086418688297272, 0.06878020614385605, 0.0653594434261322, 0.08744963258504868, 0.03664148226380348, 0.019386567175388336, 0.04675727337598801, 0.06514723598957062, 0.033389896154403687, 0.02370482310652733, 0.04362896829843521, 0.09527035802602768, 0.036724790930747986, 0.06870131194591522, 0.062280282378196716, 0.0679868757724762, 0.08537270873785019, 0.09853386878967285, 0.03960363194346428, 0.04990655183792114, 0.08631357550621033, 0.012574654072523117, 0.05777950584888458, 0.03290257230401039, 0.022844474762678146, 0.11011597514152527, 0.10242647677659988, 0.09060110151767731, 0.07915206253528595, 0.05056991055607796, 0.030495397746562958, 0.07955025136470795, 0.07033030688762665, 0.03194233775138855, 0.06597420573234558, 0.04387056082487106, 0.04535866156220436, 0.04996113106608391, 0.04577857255935669, 0.07529857754707336, 0.019966263324022293, 0.060094673186540604, 0.061450086534023285, 0.08217835426330566, 0.09600658714771271, 0.058772407472133636, 0.07501042634248734, 0.029807453975081444, 0.0756564736366272, 0.04390951991081238, 0.07591031491756439, 0.07286543399095535, 0.053036101162433624, 0.02744574099779129, 0.04433322697877884, 0.047746043652296066, 0.042784593999385834, 0.04129853844642639, 0.013768769800662994, 0.06022796407341957, 0.05401129648089409, 0.07903052866458893, 0.08758173882961273, 0.04833265766501427, 0.05949538201093674, 0.023869138211011887, 0.06793764978647232, 0.04641326516866684, 0.08130262792110443, 0.058623310178518295, 0.06893319636583328, 0.056655995547771454, 0.0430283322930336, 0.06006956845521927, 0.030438106507062912, 0.072369784116745, 0.01093994453549385, 0.03242795169353485, 0.06605671346187592, 0.08210563659667969, 0.04260925203561783, 0.04250360280275345, 0.07363535463809967, 0.0464024655520916, 0.058443013578653336, 0.01593557745218277, 0.04999709874391556, 0.02796969562768936, 0.04639323055744171, 0.030541107058525085, 0.06325962394475937, 0.0847679004073143, 0.04759524390101433, 0.05679749697446823, 0.07301032543182373, 0.07298467308282852, 0.05502253770828247, 0.07806657254695892, 0.058863673359155655, 0.03566090762615204, 0.03929810971021652, 0.06147274002432823, 0.02932243049144745, 0.06208408251404762, 0.046850237995386124, 0.05300826206803322, 0.02606770768761635, 0.013737738132476807, 0.06832492351531982, 0.046598169952631, 0.05029856041073799, 0.032729849219322205, 0.06088642030954361, 0.056947819888591766, 0.05342063680291176, 0.06214408576488495, 0.026894688606262207, 0.05420055612921715, 0.08423733711242676, 0.047920212149620056, 0.03936859220266342, 0.06442300975322723, 0.05812213569879532, 0.04716482385993004, 0.035197168588638306, 0.0784766674041748, 0.03558286651968956, 0.020853057503700256, 0.03975144773721695, 0.06512000411748886, 0.06836359947919846, 0.06855135411024094, 0.03854890540242195, 0.0757586807012558, 0.05392898991703987, 0.014112405478954315, 0.04155513644218445, 0.02462640032172203, 0.11064271628856659, 0.07150738686323166, 0.022698741406202316, 0.05843847990036011],