{"Li5Mn5Ni2O12": -1.9334940910339355, "Li4Mn3O8V1": -2.2169299125671387, "Co1Li1Mn1O4": -1.827676773071289, "Li5Mn3O10Ti2": -2.596475601196289, "Li4Mn1Ni4O10": -1.4651474952697754, "Li3Mn1Ni2O6": -1.7138071060180664, "Cr2Li4Mn5O12": -2.1690213680267334, "Cr1Li24Mn11O36": -2.1113572120666504, "Cu1Li2Mn3O8": -1.8919174671173096, "Li2Mn1O6V2": -2.3785400390625, "Co1Li2Mn2O8": -1.621939778327942, "Cr3Li2Mn1O8": -2.1976802349090576, "Co1Li3Mn3O8": -2.008347988128662, "Li3Mn4Ni1O8": -1.9674395322799683, "Co3Li4Mn1O8": -1.8070148229599, "Li8Mn7O30Ti6": -2.5620532035827637, "Li4Mn3Ni1O8": -1.9893863201141357, "Fe3Li12Mn2O16": -1.9448881149291992, "Co2Li5Mn5O12": -1.9857295751571655, "Li5Mn3O10V2": -2.3134095668792725, "Co5Li9Mn2O16": -1.8486328125, "Cu2Li4Mn5O12": -1.905191421508789, "Cu1Li2Mn2O6": -1.8568092584609985, "Li2Mn1O4Ti1": -2.709475517272949, "Co1Li3Mn4O8": -2.0089380741119385, "Fe2Li4Mn5O12": -2.044604778289795, "Cr2Li3Mn5O12": -2.161203145980835, "Cu1Li1Mn1O4": -1.6353381872177124, "Fe2Li3Mn3O10": -2.0216517448425293, "Li4Mn1Ni3O8": -1.6258635520935059, "Cr1Li1Mn3O8": -1.984443187713623, "Co4Li3Mn1O8": -1.6863032579421997, "Cu3Li4Mn2O10": -1.646889328956604, "Li4Mn8O18Ti1": -2.1572225093841553, "Li4Mn3O8Ti1": -2.390781879425049, "Cr1Li8Mn3O12": -2.1161131858825684, "Li2Mn2Ni1O6": -1.8690050840377808, "Li4Mn2O12V5": -2.375420093536377, "Co2Li1Mn2O8": -1.6596661806106567, "Li4Mn5O12Ti2": -2.4502782821655273, "Li2Mn3Ni1O8": -1.8668909072875977, "Co1Li1Mn2O6": -1.830085277557373, "Cr1Li4Mn1O6": -2.1485652923583984, "Co3Li1Mn1O8": -1.4971623420715332, "Cr12Li9Mn7O48": -1.9672069549560547, "Li4Mn4O18Ti5": -2.7974510192871094, "Li3Mn5O12Ti2": -2.429938316345215, "Cu3Li9Mn12O32": -1.9326242208480835, "Cr11Li24Mn1O36": -2.222428560256958, "Li4Mn5O16Ti3": -2.508204221725464, "Fe2Li5Mn5O12": -2.0592422485351562, "Co2Li3Mn1O6": -1.8573299646377563, "Li2Mn2O12V3": -2.2432963848114014, "Co3Li2Mn3O12": -1.7230327129364014, "Fe2Li5Mn3O10": -2.0897154808044434, "Fe3Li2Mn1O8": -1.8767253160476685, "Li5Mn2Ni5O12": -1.6211216449737549, "Li3Mn2O12V5": -2.3794500827789307, "Cr6Li7Mn10O32": -2.112743854522705, "Cr13Li32Mn3O48": -2.1928353309631348, "Fe5Li4Mn3O16": -1.913135051727295, "Cu1Li4Mn5O12": -1.9795916080474854, "Cr3Li4Mn3O12": -2.2255806922912598, "Fe2Li3Mn5O12": -2.0391733646392822, "Co2Li4Mn1O7": -1.871706485748291, "Cr2Li3Mn2O8": -2.2606372833251953, "Fe2Li1Mn3O8": -1.9699509143829346, "Cr1Li3Mn3O8": -2.1459314823150635, "Li5Mn5O12Ti2": -2.467876434326172, "Co3Li4Mn3O12": -1.8654661178588867, "Li3Mn3Ni1O8": -1.9525569677352905, "Li5Mn9O20Ti1": -2.165341377258301, "Cr2Li5Mn3O10": -2.2475414276123047, "Fe1Li4Mn5O12": -2.043621063232422, "Co3Li5Mn2O10": -1.8887437582015991, "Li3Mn1Ni3O8": -1.4856423139572144, "Co1Li5Mn2O8": -2.0051825046539307, "Li3Mn1O8V3": -2.4166111946105957, "Fe1Li2Mn1O4": -2.085749626159668, "Fe1Li4Mn3O8": -2.095060348510742, "Li8Mn15Ni1O32": -2.0036654472351074, "Li1Mn1Ni1O4": -1.6240772008895874, "Li7Mn12O32Ti5": -2.4100711345672607, "Co5Li4Mn3O16": -1.7437602281570435, "Cr1Li2Mn2O6": -2.164691925048828, "Li1Mn3O10Ti2": -2.4768476486206055, "Co1Li5Mn5O12": -2.0575084686279297, "Li9Mn7O48V12": -2.2232675552368164, "Co1Li7Mn4O12": -2.077033519744873, "Fe1Li2Mn3O8": -2.0290017127990723, "Fe2Li3Mn4O12": -2.00831937789917, "Co5Li4Mn2O12": -1.7493656873703003, "Li3Mn1O6Ti2": -2.7979087829589844, "Fe3Li5Mn2O10": -2.07700252532959, "Li3Mn2O6V1": -2.2697129249572754, "Li4Mn5O12Ti1": -2.258647918701172, "Li5Mn1O8V3": -2.2609052658081055, "Li5Mn5O12V2": -2.2404227256774902, "Li2Mn5O12Ti2": -2.4260096549987793, "Fe4Li4Mn5O18": -1.9311575889587402, "Co1Li2Mn3O8": -1.9609124660491943, "Fe1Li3Mn4O8": -2.0142157077789307, "Cu2Li3Mn1O6": -1.675739049911499, "Li4Mn3O16V5": -2.381610870361328, "Li2Mn3O10Ti2": -2.5338644981384277, "Fe2Li2Mn5O12": -2.0067553520202637, "Fe1Li3Mn2O6": -2.0932719707489014, "Li4Mn1O8Ti3": -2.8393826484680176, "Fe2Li4Mn3O10": -2.0739083290100098, "Li2Mn1O8V3": -2.4071288108825684, "Li1Mn1O4V1": -2.3417282104492188, "Li3Mn1Ni4O8": -1.4877259731292725, "Co2Li5Mn3O10": -1.988553524017334, "Li10Mn3O16V5": -2.246185064315796, "Cr2Li3Mn1O6": -2.3264756202697754, "Cu2Li1Mn5O12": -1.724521279335022, "Co1Li3Mn1O5": -1.9442380666732788, "Cr3Li4Mn1O8": -2.3357930183410645, "Li2Mn2O6Ti1": -2.466697931289673, "Li6Mn5Ni3O16": -1.865950584411621, "Li3Mn2Ni2O8": -1.7660380601882935, "Li4Mn7O18Ti2": -2.3024189472198486, "Co3Li3Mn1O8": -1.74612557888031, "Cr5Li4Mn1O12": -2.2520523071289062, "Cr3Li3Mn1O8": -2.260173797607422, "Li4Mn3O16Ti5": -2.930769443511963, "Co1Li2Mn2O6": -1.9585938453674316, "Cr3Li3Mn5O16": -2.080944538116455, "Fe3Li10Mn5O16": -2.0598578453063965, "Li2Mn3O8V1": -2.176067352294922, "Li4Mn5O18Ti4": -2.6030378341674805, "Fe3Li4Mn5O16": -1.9923412799835205, "Cu5Li5Mn2O12": -1.564408779144287, "Li5Mn2O12V5": -2.290009021759033, "Li2Mn2O5Ti1": -2.5366954803466797, "Li3Mn2O12V3": -2.3045172691345215, "Co3Li7Mn3O16": -1.8106865882873535, "Co1Li4Mn3O8": -2.056335926055908, "Li4Mn5O16V3": -2.230475425720215, "Cu5Li7Mn12O32": -1.8428040742874146, "Li3Mn2Ni1O6": -1.9420888423919678, "Fe3Li5Mn7O20": -2.0193076133728027, "Fe2Li6Mn1O6": -1.9403223991394043, "Cu3Li5Mn2O10": -1.740429401397705, "Li5Mn3O8Ti1": -2.3683316707611084, "Fe3Li2Mn3O12": -1.8209779262542725, "Fe1Li1Mn1O4": -1.9494813680648804, "Cr3Li2Mn2O12": -1.980999231338501, "Li4Mn1Ni5O12": -1.334161400794983, "Fe3Li4Mn1O8": -2.056185007095337, "Fe5Li4Mn1O12": -1.9292343854904175, "Cr1Li3Mn4O8": -2.130103588104248, "Fe4Li3Mn1O8": -1.992140769958496, "Cr2Li5Mn5O12": -2.16926908493042, "Co1Li4Mn5O12": -2.003997325897217, "Li2Mn1O12V5": -2.4021897315979004, "Fe2Li3Mn1O6": -2.069476366043091, "Li2Mn1O8Ti3": -3.085315704345703, "Li3Mn4O8V1": -2.1879212856292725, "Cr2Li4Mn3O10": -2.2315869331359863, "Cr1Li1Mn1O4": -2.160667896270752, "Li2Mn1O4V1": -2.340909481048584, "Li5Mn2O10V3": -2.3103561401367188, "Cr5Li32Mn11O48": -2.125894069671631, "Cu3Li2Mn1O8": -1.3364081382751465, "Co1Li3Mn2O6": -2.02105975151062, "Li4Mn6O18Ti3": -2.4460291862487793, "Li1Mn3Ni2O8": -1.6792497634887695, "Fe2Li2Mn1O6": -1.9808791875839233, "Cr5Li24Mn7O36": -2.13767147064209, "Cr3Li8Mn1O12": -2.1759257316589355, "Co1Li6Mn5O12": -2.082629919052124, "Co5Li5Mn2O12": -1.770899772644043, "Li2Mn1Ni3O8": -1.339805245399475, "Li1Mn1O4Ti1": -2.7007932662963867, "Cr2Li2Mn1O6": -2.227017641067505, "Cr3Li32Mn13O48": -2.1109836101531982, "Fe3Li1Mn2O8": -1.9191720485687256, "Cr3Li2Mn3O12": -2.087843418121338, "Li5Mn1Ni4O10": -1.56854248046875, "Co2Li3Mn2O8": -1.8915425539016724, "Cu3Li4Mn5O16": -1.7712515592575073, "Cu2Li2Mn5O12": -1.8188819885253906, "Co3Li4Mn2O10": -1.8588318824768066, "Cr5Li10Mn3O16": -2.226238965988159, "Co3Li2Mn1O8": -1.6600016355514526, "Co5Li4Mn1O12": -1.6660953760147095, "Li3Mn3O10Ti2": -2.551119327545166, "Cr1Li8Mn15O32": -2.0608251094818115, "Cr3Li4Mn5O16": -2.136552333831787, "Li3Mn1O6V2": -2.329806089401245, "Cr1Li2Mn1O4": -2.2751636505126953, "Fe3Li8Mn1O12": -1.9215879440307617, "Cr3Li5Mn1O8": -2.2482683658599854, "Li3Mn1O12Ti4": -2.9600930213928223, "Fe1Li3Mn5O12": -2.0348002910614014, "Cu2Li3Mn5O12": -1.876283884048462, "Fe17Li5Mn2O32": -1.9068934917449951, "Li3Mn1O8V4": -2.299661159515381, "Cr3Li8Mn13O32": -2.094115972518921, "Fe1Li3Mn3O8": -2.052476406097412, "Li4Mn3Ni3O12": -1.7168720960617065, "Li3Mn2O6Ti1": -2.5052011013031006, "Li4Mn2O12V3": -2.325645923614502, "Fe1Li2Mn2O6": -2.0453853607177734, "Li8Mn3O12Ti1": -2.308602809906006, "Co1Li2Mn1O4": -1.9364111423492432, "Li1Mn3Ni1O8": -1.6756125688552856, "Fe3Li8Mn13O32": -2.034390687942505, "Li3Mn1O12V4": -2.3983840942382812, "Li3Mn3O8Ti1": -2.366363525390625, "Co2Li5Mn1O8": -1.8702524900436401, "Cr2Li1Mn1O6": -2.1213912963867188, "Li5Mn3Ni2O10": -1.9031001329421997, "Fe11Li5Mn8O32": -1.9250599145889282, "Cu3Li16Mn15O36": -2.0245859622955322, "Co3Li4Mn5O16": -1.9039092063903809, "Li4Mn1O8V3": -2.378594398498535, "Li5Mn2Ni3O10": -1.7705590724945068, "Fe3Li3Mn1O8": -2.0082273483276367, "Li4Mn5Ni1O12": -1.975786805152893,