{"Fe3Li4Mn1O8": 0.05068944827846002, "Cu1Li2Mn3O8": 0.04724861449421805, "Cu1Li2Mn2O6": 0.047702194426640844, "Co2Li4Mn1O7": 0.05068944827846002, "Li5Mn2Ni1O8": 0.05068944827846002, "Cr1Li4Mn1O6": 0.049717638888709996, "Cr1Li2Mn3O8": 0.05267281938443519, "Li3Mn1O6V2": 0.049717638888709996, "Cr4Li3Mn1O8": 0.05068944827846002, "Cr1Li3Mn4O8": 0.05068944827846002, "Li3Mn2Ni1O6": 0.04950594115210864, "Li4Mn1O8Ti3": 0.04879282275127646, "Cu1Li3Mn2O6": 0.044081736261891505, "Co1Li2Mn1O4": 0.04950594115210864, "Cr2Li2Mn1O6": 0.05312639931685798, "Li4Mn3O8Ti1": 0.05068944827846002, "Li2Mn1O4Ti1": 0.049717638888709996, "Li3Mn1O6Ti2": 0.05027371350612107, "Fe4Li3Mn1O8": 0.051446829998924005, "Cu1Li4Mn3O8": 0.044081736261891505, "Li3Mn1Ni4O8": 0.04638593863707868, "Li5Mn1O8V3": 0.049717638888709996, "Cu3Li3Mn1O8": 0.04477241495111209, "Co2Li2Mn1O6": 0.0524136848655563, "Li2Mn3O8V1": 0.05267281938443519, "Li3Mn2O6Ti1": 0.049717638888709996, "Cr3Li3Mn1O8": 0.05312639931685798, "Li3Mn1O8V3": 0.05312639931685798, "Li1Mn2Ni1O6": 0.05267281938443519, "Cu1Li1Mn1O4": 0.045947539590841094, "Fe1Li3Mn2O6": 0.05068944827846002, "Li2Mn1O6V2": 0.05312639931685798, "Cr1Li4Mn3O8": 0.05068944827846002, "Co1Li2Mn2O8": 0.05196010493313351, "Fe3Li3Mn1O8": 0.05312639931685798, "Li3Mn1Ni2O6": 0.04950594115210864, "Co1Li3Mn1O5": 0.05068944827846002, "Li2Mn1Ni3O8": 0.049944930196846295, "Li2Mn1Ni1O4": 0.04950594115210864, "Cr2Li1Mn1O6": 0.05267281938443519, "Li2Mn3Ni1O8": 0.05267281938443519, "Co3Li3Mn1O8": 0.0524136848655563, "Co3Li1Mn1O8": 0.05452321622824841, "Li2Mn1O4V1": 0.05068944827846002, "Cr1Li3Mn2O6": 0.05068944827846002, "Cr2Li3Mn1O6": 0.05068944827846002, "Fe2Li3Mn1O6": 0.05068944827846002, "Li3Mn4O8V1": 0.05068944827846002, "Fe1Li2Mn1O4": 0.05068944827846002, "Fe1Li3Mn3O8": 0.05312639931685798, "Li5Mn3O8Ti1": 0.04711912839229166, "Li4Mn3Ni1O8": 0.05068944827846002, "Li2Mn1Ni2O6": 0.05312639931685798, "Li2Mn2Ni1O6": 0.05312639931685798, "Li3Mn2O6V1": 0.05068944827846002, "Li1Mn1O4Ti1": 0.05047921417828889, "Cr1Li2Mn1O4": 0.05068944827846002, "Li2Mn1O8V3": 0.05119192862959057, "Co2Li5Mn1O8": 0.05068944827846002, "Li1Mn3Ni1O8": 0.05196010493313351, "Fe2Li2Mn1O6": 0.05312639931685798, "Cu3Li2Mn1O8": 0.044318835018689294, "Co1Li4Mn3O8": 0.05068944827846002, "Cu2Li3Mn1O6": 0.043116596684946454, "Cr3Li2Mn1O8": 0.05267281938443519, "Li3Mn1Ni3O8": 0.05039851012926909, "Fe1Li4Mn3O8": 0.05068944827846002, "Fe3Li1Mn2O8": 0.05137174448105823, "Li2Mn3O8Ti1": 0.05196010493313351, "Co1Li1Mn1O4": 0.05196010493313351, "Co1Li5Mn2O8": 0.05068944827846002, "Fe3Li2Mn1O8": 0.05267281938443519, "Li3Mn1O8V4": 0.0492085575236154, "Li3Mn3Ni1O8": 0.05312639931685798, "Co3Li4Mn1O8": 0.05006201576951972, "Cr1Li3Mn3O8": 0.05312639931685798, "Cu1Li3Mn4O8": 0.044081736261891505, "Li3Mn4O8Ti1": 0.05068944827846002, "Co1Li3Mn2O6": 0.05068944827846002, "Fe1Li2Mn3O8": 0.05267281938443519, "Li4Mn1O8V3": 0.049717638888709996, "Fe2Li1Mn3O8": 0.05137174448105823, "Co1Li1Mn2O6": 0.05196010493313351, "Li3Mn3O8Ti1": 0.052369017596393994, "Cr1Li1Mn1O4": 0.05267281938443519, "Li1Mn3Ni2O8": 0.05137174448105823, "Fe1Li3Mn4O8": 0.05068944827846002, "Fe2Li6Mn1O6": 0.05168970949695428, "Co2Li3Mn1O6": 0.05006201576951972, "Li2Mn2O6Ti1": 0.05312639931685798, "Cr3Li5Mn1O8": 0.049717638888709996, "Co3Li2Mn1O8": 0.05196010493313351, "Fe1Li1Mn1O4": 0.05267281938443519, "Li3Mn4Ni1O8": 0.04950594115210864, "Li1Mn1Ni1O4": 0.05267281938443519, "Cr1Li5Mn2O8": 0.049717638888709996, "Cr3Li4Mn1O8": 0.05068944827846002, "Li2Mn2O5Ti1": 0.051245522895871094, "Li1Mn3O8Ti1": 0.05047921417828889, "Li2Mn1O8Ti3": 0.04950740478853887, "Cu3Li4Mn1O8": 0.0421762938848628, "Cu1Li2Mn1O4": 0.043116596684946454, "Li4Mn3O8V1": 0.05068944827846002, "Cr1Li1Mn3O8": 0.05196010493313351, "Co1Li3Mn4O8": 0.04950594115210864, "Co1Li2Mn3O8": 0.05196010493313351, "Fe1Li2Mn2O6": 0.05312639931685798, "Cr1Li2Mn2O6": 0.05312639931685798, "Li1Mn1O4V1": 0.05267281938443519, "Co1Li2Mn2O6": 0.05312639931685798, "Co4Li3Mn1O8": 0.05103776503939003, "Li4Mn1Ni3O8": 0.048079126867896706, "Co1Li3Mn3O8": 0.05312639931685798, "Li3Mn1O12Ti4": 0.04950740478853887, "Li4Mn3O16Ti5": 0.05047921417828889, "Li4Mn4O18Ti5": 0.05047921417828889, "Li5Mn3O10Ti2": 0.049717638888709996, "Li4Mn3O10Ti2": 0.052369017596393994, "Li4Mn5O18Ti4": 0.05047921417828889, "Li3Mn3O10Ti2": 0.04821591538329501, "Li4Mn5O16Ti3": 0.05196010493313351, "Li2Mn3O10Ti2": 0.05047921417828889, "Li8Mn7O30Ti6": 0.05196010493313351, "Li1Mn3O10Ti2": 0.05047921417828889, "Li5Mn5O12Ti2": 0.05068944827846002, "Li4Mn5O12Ti2": 0.052369017596393994, "Li7Mn12O32Ti5": 0.05047921417828889, "Li3Mn5O12Ti2": 0.051645508562013366, "Li4Mn6O18Ti3": 0.05196010493313351, "Li10Mn5O16Ti3": 0.04711912839229166, "Li2Mn5O12Ti2": 0.05047921417828889, "Li11Mn12O32Ti4": 0.05312639931685798, "Li3Mn1O12V4": 0.05267281938443519, "Li2Mn1O12V5": 0.05119192862959057, "Li4Mn2O12V5": 0.05108943394460229, "Li4Mn2O12V3": 0.05267281938443519, "Li4Mn3O16V5": 0.05119192862959057, "Li5Mn2O12V5": 0.0492085575236154, "Li3Mn2O12V5": 0.051645508562013366, "Li5Mn8O20Ti2": 0.05267281938443519, "Li5Mn2O10V3": 0.05068944827846002, "Li3Mn2O12V3": 0.05267281938443519, "Li8Mn3O12Ti1": 0.049717638888709996, "Li4Mn7O18Ti2": 0.05196010493313351, "Li5Mn3O10V2": 0.05068944827846002, "Li10Mn3O16V5": 0.049717638888709996, "Li4Mn5O16V3": 0.05267281938443519, "Li2Mn2O12V3": 0.05196010493313351, "Cr11Li24Mn1O36": 0.049717638888709996, "Li5Mn5O12V2": 0.05068944827846002, "Li4Mn5O12Ti1": 0.05312639931685798, "Cr11Li32Mn5O48": 0.049717638888709996, "Cr2Li5Mn3O10": 0.05068944827846002, "Cr13Li32Mn3O48": 0.049717638888709996, "Li9Mn7O48V12": 0.05196010493313351, "Cr5Li24Mn7O36": 0.049717638888709996, "Cr7Li24Mn5O36": 0.049717638888709996, "Cr5Li4Mn1O12": 0.05312639931685798, "Li4Mn1O12V3": 0.05267281938443519, "Cr3Li4Mn3O12": 0.05312639931685798, "Cr3Li32Mn13O48": 0.049717638888709996, "Cr5Li32Mn11O48": 0.049717638888709996, "Cr5Li4Mn3O16": 0.05267281938443519, "Li5Mn9O20Ti1": 0.05267281938443519, "Cr2Li3Mn2O8": 0.05312639931685798, "Cr5Li10Mn3O16": 0.05068944827846002, "Cr1Li24Mn11O36": 0.049717638888709996, "Cr2Li5Mn5O12": 0.05068944827846002, "Cr2Li4Mn3O10": 0.052369017596393994, "Cr2Li4Mn5O12": 0.05312639931685798, "Cr6Li7Mn10O32": 0.05267281938443519, "Cr3Li8Mn1O12": 0.049717638888709996, "Li4Mn8O18Ti1": 0.05267281938443519, "Cr3Li4Mn5O16": 0.05267281938443519, "Cr3Li3Mn5O16": 0.05267281938443519, "Cr3Li8Mn13O32": 0.05267281938443519, "Fe2Li5Mn3O10": 0.05068944827846002, "Cr1Li8Mn3O12": 0.049717638888709996, "Cr2Li3Mn5O12": 0.05312639931685798, "Co1Li7Mn4O12": 0.05068944827846002, "Co1Li6Mn3O10": 0.05068944827846002, "Fe2Li5Mn5O12": 0.05068944827846002, "Fe1Li6Mn5O12": 0.05068944827846002, "Cr1Li8Mn15O32": 0.05267281938443519, "Fe1Li3Mn5O12": 0.05267281938443519, "Cr3Li2Mn3O12": 0.05267281938443519, "Fe2Li4Mn5O12": 0.05312639931685798, "Fe2Li4Mn3O10": 0.05312639931685798, "Fe2Li3Mn4O12": 0.05267281938443519, "Fe3Li8Mn13O32": 0.05267281938443519, "Fe3Li5Mn7O20": 0.05267281938443519, "Co1Li6Mn5O12": 0.05068944827846002, "Fe3Li5Mn2O10": 0.05068944827846002, "Li8Mn15Ni1O32": 0.05267281938443519, "Fe2Li2Mn5O12": 0.05267281938443519, "Cr2Li1Mn2O8": 0.05196010493313351, "Fe3Li4Mn3O12": 0.05312639931685798, "Fe3Li10Mn5O16": 0.05068944827846002, "Co1Li5Mn5O12": 0.052369017596393994, "Fe2Li3Mn2O8": 0.05312639931685798, "Fe5Li5Mn2O12": 0.04950594115210864, "Fe1Li4Mn5O12": 0.05312639931685798, "Cu3Li16Mn15O36": 0.04638873808876578, "Co2Li5Mn5O12": 0.04950594115210864, "Fe2Li3Mn3O10": 0.05312639931685798, "Fe3Li4Mn5O16": 0.05267281938443519, "Cr3Li2Mn2O12": 0.05196010493313351, "Fe3Li12Mn2O16": 0.049717638888709996, "Co1Li4Mn5O12": 0.05312639931685798, "Fe11Li5Mn8O32": 0.05267281938443519, "Fe3Li8Mn6O18": 0.051812942978982916, "Co2Li5Mn3O10": 0.05068944827846002, "Fe3Li8Mn1O12": 0.049717638888709996, "Fe2Li3Mn5O12": 0.05312639931685798, "Co3Li7Mn2O12": 0.05068944827846002, "Li9Mn12Ni3O32": 0.05267281938443519, "Li5Mn5Ni2O12": 0.04950594115210864, "Cr12Li9Mn7O48": 0.05196010493313351,