{"Li2Mn1O8Ti3": -2.8488879203796387, "Li3Mn1O12Ti4": -2.678182363510132, "Li4Mn3O16Ti5": -2.672476053237915, "Li4Mn1O8Ti3": -2.599510431289673, "Li3Mn1O6Ti2": -2.6159727573394775, "Li4Mn4O18Ti5": -2.5937869548797607, "Li1Mn1O4Ti1": -2.679281234741211, "Li2Mn1O4Ti1": -2.6020936965942383, "Li5Mn3O10Ti2": -2.4662790298461914, "Li4Mn3O10Ti2": -2.5408997535705566, "Li4Mn5O18Ti4": -2.5392889976501465, "Li3Mn3O10Ti2": -2.5578982830047607, "Li4Mn5O16Ti3": -2.5059080123901367, "Li2Mn3O10Ti2": -2.467510938644409, "Li2Mn2O5Ti1": -2.4369723796844482, "Li8Mn7O30Ti6": -2.6091227531433105, "Li1Mn3O10Ti2": -2.374739170074463, "Li3Mn2O6Ti1": -2.469482898712158, "Li5Mn5O12Ti2": -2.3976850509643555, "Li2Mn2O6Ti1": -2.51939058303833, "Li4Mn5O12Ti2": -2.4021339416503906, "Li7Mn12O32Ti5": -2.487313985824585, "Li3Mn5O12Ti2": -2.4616000652313232, "Li4Mn6O18Ti3": -2.4126296043395996, "Li2Mn1O8V3": -2.4515700340270996, "Li10Mn5O16Ti3": -2.4365179538726807, "Li2Mn5O12Ti2": -2.4123995304107666, "Li4Mn3O8Ti1": -2.3506686687469482, "Li3Mn3O8Ti1": -2.40881085395813, "Li2Mn3O8Ti1": -2.431847095489502, "Li1Mn1O4V1": -2.373408317565918, "Li4Mn1O8V3": -2.3845348358154297, "Li11Mn12O32Ti4": -2.507150888442993, "Li3Mn1O8V3": -2.4061081409454346, "Li3Mn1O12V4": -2.2992355823516846, "Li3Mn1O6V2": -2.4018235206604004, "Li2Mn1O12V5": -2.404203414916992, "Li4Mn2O12V5": -2.366159439086914, "Li4Mn2O12V3": -2.345093250274658, "Li3Mn4O8Ti1": -2.269876718521118, "Li4Mn3O16V5": -2.459721088409424, "Li5Mn2O12V5": -2.3839433193206787, "Li3Mn1O8V4": -2.3985369205474854, "Li5Mn3O8Ti1": -2.390577793121338, "Li3Mn2O12V5": -2.4248781204223633, "Li2Mn1O6V2": -2.39219069480896, "Cr3Li4Mn1O8": -2.095846652984619, "Li5Mn8O20Ti2": -2.3810503482818604, "Li5Mn2O10V3": -2.3581619262695312, "Li2Mn1O4V1": -2.3794915676116943, "Li3Mn2O12V3": -2.254563808441162, "Cr3Li3Mn1O8": -2.1372220516204834, "Li5Mn1O8V3": -2.314551830291748, "Li8Mn3O12Ti1": -2.4022321701049805, "Li4Mn7O18Ti2": -2.393831729888916, "Li5Mn3O10V2": -2.282115936279297, "Cr2Li3Mn1O6": -2.08164644241333, "Cr1Li2Mn1O4": -2.0643506050109863, "Li1Mn3O8Ti1": -2.2976832389831543, "Cr3Li2Mn1O8": -2.1898083686828613, "Li10Mn3O16V5": -2.3144004344940186, "Li3Mn2O6V1": -2.3011083602905273, "Li4Mn5O16V3": -2.2985377311706543, "Li2Mn2O12V3": -2.2533977031707764, "Cr11Li24Mn1O36": -2.166991949081421, "Cr3Li5Mn1O8": -2.2093234062194824, "Li5Mn5O12V2": -2.2155604362487793, "Li4Mn5O12Ti1": -2.351005792617798, "Cr2Li2Mn1O6": -2.18794584274292, "Cr1Li1Mn1O4": -2.1938419342041016, "Cr11Li32Mn5O48": -2.153836727142334, "Cr2Li5Mn3O10": -2.0389134883880615, "Cr4Li3Mn1O8": -2.1328797340393066, "Li4Mn3O8V1": -2.2237775325775146, "Cr13Li32Mn3O48": -2.1951494216918945, "Li9Mn7O48V12": -2.2540383338928223, "Cr1Li4Mn1O6": -2.1840925216674805, "Cr1Li4Mn3O8": -2.0440759658813477, "Cr5Li24Mn7O36": -2.1845927238464355, "Cr7Li24Mn5O36": -2.1829400062561035, "Cr5Li4Mn1O12": -2.1822237968444824, "Li4Mn1O12V3": -2.2346482276916504, "Cr1Li3Mn2O6": -2.0577282905578613, "Cr3Li4Mn3O12": -2.1256415843963623, "Cr3Li32Mn13O48": -2.132040500640869, "Cr5Li32Mn11O48": -2.1656668186187744, "Li2Mn3O8V1": -2.2265729904174805, "Cr1Li5Mn2O8": -2.129027843475342, "Cr5Li4Mn3O16": -2.1878809928894043, "Li5Mn9O20Ti1": -2.231330394744873, "Cr2Li3Mn2O8": -2.0793113708496094, "Cr5Li10Mn3O16": -2.1669888496398926, "Cr1Li24Mn11O36": -2.145977258682251, "Cr2Li5Mn5O12": -2.057730197906494, "Li3Mn4O8V1": -2.1965572834014893, "Cr2Li4Mn3O10": -2.0393588542938232, "Cr2Li4Mn5O12": -2.0641419887542725, "Cr6Li7Mn10O32": -2.115062713623047, "Cr1Li3Mn4O8": -2.065730333328247, "Cr1Li2Mn3O8": -2.1018919944763184, "Cr3Li8Mn1O12": -2.145944118499756, "Li4Mn8O18Ti1": -2.202983856201172, "Cr3Li4Mn5O16": -2.168447732925415, "Cr1Li3Mn3O8": -2.0537707805633545, "Cr3Li3Mn5O16": -1.9392883777618408, "Cr3Li8Mn13O32": -2.1318089962005615, "Fe1Li2Mn1O4": -2.0065853595733643, "Fe2Li5Mn3O10": -1.9842448234558105, "Cr1Li8Mn3O12": -2.1406588554382324, "Cr1Li2Mn2O6": -2.1644787788391113, "Cr2Li3Mn5O12": -2.103856325149536, "Co1Li7Mn4O12": -2.10260272026062, "Fe3Li4Mn1O8": -1.9455063343048096, "Fe2Li3Mn1O6": -1.9300906658172607, "Cr2Li1Mn1O6": -2.06722354888916, "Co1Li6Mn3O10": -2.082664728164673, "Fe2Li5Mn5O12": -1.9614269733428955, "Fe1Li6Mn5O12": -1.97871732711792, "Fe1Li3Mn4O8": -1.9797356128692627, "Cr1Li8Mn15O32": -2.056100606918335, "Fe1Li3Mn5O12": -1.9712207317352295, "Cr3Li2Mn3O12": -2.0437002182006836, "Co1Li5Mn2O8": -2.0599851608276367, "Co1Li4Mn3O8": -1.9512228965759277, "Fe2Li4Mn5O12": -1.952169418334961, "Fe2Li4Mn3O10": -1.9191081523895264, "Fe2Li3Mn4O12": -1.999673843383789, "Fe3Li3Mn1O8": -1.9055912494659424, "Fe3Li8Mn13O32": -2.0982887744903564, "Fe1Li2Mn3O8": -2.0007052421569824, "Fe3Li5Mn7O20": -1.998878002166748, "Co1Li6Mn5O12": -1.9547185897827148, "Fe1Li3Mn3O8": -1.9985675811767578, "Fe1Li2Mn2O6": -1.9753711223602295, "Fe3Li5Mn2O10": -1.928853988647461, "Co1Li3Mn4O8": -1.8918566703796387, "Cr1Li1Mn3O8": -1.862196922302246, "Li8Mn15Ni1O32": -2.0177981853485107, "Fe1Li1Mn1O4": -2.041675329208374, "Fe2Li2Mn5O12": -1.8123130798339844, "Cr2Li1Mn2O8": -1.9785034656524658, "Co1Li3Mn2O6": -1.9037795066833496, "Fe3Li4Mn3O12": -1.9687893390655518, "Fe2Li2Mn1O6": -1.9726145267486572, "Fe3Li10Mn5O16": -1.9878225326538086, "Co1Li5Mn5O12": -1.975569725036621, "Li4Mn3Ni1O8": -1.894179344177246, "Fe2Li3Mn2O8": -1.952866554260254, "Fe5Li5Mn2O12": -1.9281365871429443, "Fe1Li4Mn5O12": -2.022768497467041, "Co1Li3Mn1O5": -1.9909534454345703, "Cu3Li16Mn15O36": -2.0303313732147217, "Co2Li5Mn5O12": -1.9375319480895996, "Fe2Li3Mn3O10": -1.9896018505096436, "Li3Mn4Ni1O8": -1.876159906387329, "Fe3Li4Mn5O16": -1.996805191040039, "Fe1Li4Mn3O8": -1.9798860549926758, "Cr3Li2Mn2O12": -1.9572677612304688, "Fe1Li3Mn2O6": -1.9893851280212402, "Co1Li2Mn3O8": -1.9332525730133057, "Co1Li3Mn3O8": -1.957521677017212, "Fe3Li12Mn2O16": -2.14414119720459, "Co1Li4Mn5O12": -1.9497110843658447, "Fe11Li5Mn8O32": -1.9739940166473389, "Co1Li2Mn1O4": -1.8831067085266113, "Li5Mn2Ni1O8": -2.007352113723755, "Fe2Li6Mn1O6": -1.9456453323364258, "Fe3Li8Mn6O18": -1.9628934860229492, "Co2Li5Mn3O10": -1.8925893306732178, "Fe3Li8Mn1O12": -2.0853676795959473, "Fe3Li1Mn2O8": -1.718595266342163, "Fe4Li3Mn1O8": -1.9222161769866943, "Cu1Li4Mn3O8": -1.983389139175415, "Fe2Li3Mn5O12": -1.917490005493164, "Co3Li7Mn2O12": -1.9746708869934082, "Li9Mn12Ni3O32": -1.9486913681030273, "Li3Mn3Ni1O8": -1.9140238761901855, "Cu1Li3Mn4O8": -1.9247782230377197, "Li3Mn2Ni1O6": -1.8864631652832031, "Fe2Li1Mn3O8": -1.86191987991333, "Li5Mn5Ni2O12": -1.862175703048706, "Fe3Li2Mn1O8": -1.8860054016113281, "Cr12Li9Mn7O48": -1.9110538959503174, "Co2Li5Mn1O8": -1.959428071975708, "Li2Mn3Ni1O8": -1.8977203369140625, "Li4Mn5Ni1O12": -1.9279232025146484, "Fe17Li5Mn2O32": -1.8307116031646729, "Co1Li2Mn2O6": -1.951436996459961, "Co2Li4Mn1O7": -1.9339168071746826, "Fe4Li4Mn5O18": -1.8731286525726318, "Cu3Li9Mn12O32": -2.0834217071533203, "Cu1Li4Mn5O12": -2.0410685539245605, "Li8Mn12Ni4O31": -1.9759912490844727, "Cu1Li3Mn2O6": -1.9565627574920654, "Fe5Li4Mn3O16": -1.8903028964996338, "Co2Li3Mn5O12": -1.879884958267212, "Co3Li5Mn2O10": -1.9009811878204346, "Li4Mn5Ni2O12": -1.8493895530700684, "Fe5Li4Mn1O12": -1.8663344383239746, "Co5Li9Mn2O16": -1.9309101104736328, "Co2Li3Mn1O6": -1.8944594860076904, "Cu1Li2Mn3O8": -1.8606452941894531, "Co3Li4Mn5O16": -1.908759355545044, "Li5Mn3Ni2O10": -1.8816540241241455, "Co3Li4Mn3O12": -1.9505081176757812, "Co2Li3Mn2O8": -1.9436566829681396, "Cu2Li4Mn5O12": -1.7999956607818604, "Co3Li4Mn2O10": -1.9653277397155762, "Li2Mn1Ni1O4": -1.872467279434204, "Co3Li4Mn1O8": -1.8993840217590332, "Li2Mn2Ni1O6": -1.8892848491668701, "Li3Mn5Ni2O12": -1.8530006408691406, "Fe3Li2Mn3O12": -1.7932629585266113, "Li6Mn5Ni3O16": -1.8832054138183594, "Co1Li1Mn1O4": -1.8882195949554443, "Cu5Li7Mn12O32": -1.777428388595581, "Cu1Li2Mn1O4": -1.9035301208496094, "Cu2Li3Mn5O12": -1.7499496936798096, "Co3Li3Mn1O8": -1.900320053100586, "Co5Li5Mn2O12": -1.7874557971954346,